country,Name,year,suicide no,population,gdp_per_capita,Name,Maximum Temperature,Minimum Temperature,Temperature,Wind Chill,Heat Index,Precipitation,Wind Gust,Snow Depth,Wind Speed,Visibility,Cloud Cover,Relative Humidity
Argentina,Buenos Aires,1991,1951,29623000,6404,116845003.3,37.7,-1,17.4,-7.7,42.9,1952.12,,,105.9,10.1,45.3,75.13
Argentina,Buenos Aires,1992,2184,30045400,7615,121016713.6,35.1,-1.9,16.7,-4.8,42,2371.95,,,105.4,10.3,43.3,73.69
Argentina,Buenos Aires,1993,2230,30477500,7768,117564672.1,47.7,-2.6,17.4,-5.1,40.8,2376.89,,99,100.9,10.1,45,74.11
Argentina,Buenos Aires,1994,2241,30911200,8328,122010040.7,37.1,0.7,17.9,-3.4,45.4,3347.69,,7.29,118,10.2,50.5,72.23
Argentina,Buenos Aires,1995,2204,31345400,8232,127598460.1,39.1,-1.9,17.5,-5.6,41.4,4652.18,,10.03,102.6,10.3,45.3,69.37
Argentina,Buenos Aires,1996,2229,31780700,8563,134643650.1,34.9,-3.6,18,-3.9,39.5,1330.05,,8.5,114.8,10.3,42.2,71.92
Argentina,Buenos Aires,1997,2184,32333781,9057,137558052.2,34,0.8,18.1,-1.5,40.2,1429.2,,,79.6,10.3,50.5,72.35
Argentina,Buenos Aires,1998,2347,32757259,9126,139354451.3,35.1,3.1,17.7,-1.5,36.6,966.63,,,71.2,10,49.5,73.5
Argentina,Buenos Aires,1999,2423,33174862,8546,146510308.4,35,0.9,17.5,-4.3,38.2,381.34,,3.02,98.9,10.1,50.4,71.42
Argentina,Buenos Aires,2000,2774,33585533,8462,141716804.3,38.1,0.1,17.4,-3.4,37.7,1507.96,,,82.3,9.6,45.9,71.72
Argentina,Buenos Aires,2001,3132,34010946,7900,133310609.8,35.1,0.6,18.1,-2.6,42.2,1639.75,,97,94.3,10.4,48.5,75.3
Argentina,Buenos Aires,2002,3162,34407507,2840,124382213.6,34.5,-1.9,17.9,-5.4,40.7,1498.66,,,69.5,9.9,45,73.11
Argentina,Buenos Aires,2003,3289,34785907,3668,134620660.1,36.1,0,17.5,-1.4,42.1,1156.44,,,97,9.8,36.8,71.85
Argentina,Buenos Aires,2004,3121,35162945,4683,157033639.3,36.3,-0.9,17.9,-3.9,37.2,976.2,,,66.4,9.8,34.2,72.57
Argentina,Buenos Aires,2005,3058,35550617,5590,161424779.4,35.7,1.1,17.8,-0.7,41.7,840.34,,,57.7,9.8,32.3,71.34
Argentina,Buenos Aires,2006,3108,35918886,6475,174617506,34.2,0.1,18.1,-2.7,40.7,1187.9,,87,66.6,9.8,32.7,71.37
Argentina,Buenos Aires,2007,2946,36315492,7918,174232910.8,36.1,0.1,17.1,-4.8,42.1,1330.38,,4,64.5,9.6,33.4,73.19
Argentina,Buenos Aires,2008,3059,36733520,9843,188041184.3,37.1,-0.9,18.2,-2.5,43.7,1053.34,,,75.5,9.7,31.5,71.53
Argentina,Buenos Aires,2009,2884,37158001,8961,178867384.3,36.4,-2.4,17.9,-3.3,39.2,1271.04,,,56.7,9.9,29.2,70.53
Argentina,Buenos Aires,2010,2943,37578454,11273,186686451.5,36,-1.7,18,-1.9,39.3,1829.9,,,54.5,9.6,31.7,71.71
Argentina,Buenos Aires,2011,2912,38015739,13946,190247901.5,35.1,1.6,17.9,-2.4,39.6,1051.97,,,53.2,9.8,31.4,69
Argentina,Buenos Aires,2012,3248,38441778,14203,191044680.3,37.6,1.1,18.3,-2.9,44.5,2261.7,,,80.3,9.6,38.2,71.73
Argentina,Buenos Aires,2013,2987,38859125,14206,188428149.5,37.9,1.1,18.1,-3.4,46.2,1003.03,,17,49.3,9.4,29.7,67.42
Argentina,Buenos Aires,2014,3231,39276555,13400,202671490.1,35.9,2.1,18.5,-0.7,45.5,2188.03,,,59,9,32,70.9
Australia,Canberra,1991,2288,16012100,20320,279872363.9,36.9,-3.1,13.3,-3.9,34.3,1395.2,,,65.6,36.8,40.7,67.78
Australia,Canberra,1992,2251,16203500,20050,284912124.3,37.1,-5.3,12,-4.5,35.6,1513.57,,,54.3,36.5,48.2,75.42
Australia,Canberra,1993,2038,16370000,19030,289234856.5,35.6,-5.6,12.5,-5.9,34.2,1363.77,,,42.5,35.7,43.4,73.54
Australia,Canberra,1994,2283,16549400,19469,294014610.4,37.1,-6.9,12.7,-5.3,34.7,867.21,,,63,37.6,38.9,65.22
Australia,Canberra,1995,2170,16766300,21902,305409799.3,32.5,-4.1,12.4,-4,30.9,1594.2,,,46.4,35.2,41.4,71.84
Australia,Canberra,1996,2426,17015100,23526,312361210,33.3,-5.7,12.3,-3.6,33.2,1686.96,,,56.7,35,40,68.47
Australia,Canberra,1997,2646,17221300,25234,320794696.4,36.7,-6.4,13.2,-5.9,34.2,879.86,,,56.7,36.9,27.2,64.44
Australia,Canberra,1998,2632,17421730,22897,334684106.5,37.5,-6.3,13.6,-3.6,35.9,1292.02,,,52.9,35.8,30.5,67.27
Australia,Canberra,1999,2488,17641702,22016,344063336.2,37.1,-5.6,13.7,-6.3,35.2,661.95,,3.28,46.4,19.9,37.8,66.75
Australia,Canberra,2000,2391,17874410,23219,350194581.8,35.1,-5.8,13.1,-7.3,33.5,1522.52,,,64.8,17.2,34.8,70.52
Australia,Canberra,2001,2458,18130883,20860,357668742.8,39.1,-5.4,13.7,-6.8,38.4,961.15,,,53.6,18.8,33.6,68.21
Australia,Canberra,2002,2319,18370058,21474,362209093.8,36.4,-5.9,13.9,-8.2,34.2,1053.01,,,85.6,20.2,31,64.46
Australia,Canberra,2003,2156,18608029,25059,369725835.4,39.1,-5,13.8,-8.3,36.6,1184.96,,,55.4,20,34,66.82
Australia,Canberra,2004,2114,18854551,32454,383204944.7,38.4,-6.3,13.9,-8.8,37.9,1270.86,,,110.9,19,33.2,65.21
Australia,Canberra,2006,2117,19109246,39014,392681873.2,39.1,-5.4,13.8,-8.6,37.5,813.77,,,55.4,15.2,33.5,63.51
Australia,Canberra,2007,2229,19734430,43171,400415729.4,39.4,-4.2,14.2,-6.6,36.3,1346.94,,,53.6,15,39.5,67.27
Australia,Canberra,2008,2341,20120312,52315,405048537.2,35.1,-4.6,13.3,-7.1,33.5,1206.7,,,59,15.5,38.8,66.02
Australia,Canberra,2009,2337,20529317,45128,408672631.7,39.6,-4.9,14.2,-5.1,37.8,1235.7,,,53.6,15,41.1,64.81
Australia,Canberra,2010,2420,20847547,54887,406752772.7,38.1,-3.9,13.2,-7.2,35.8,2121.56,,,55.4,13.3,45.6,71.35
Australia,Canberra,2011,2392,20881910,66770,404246571.2,37.1,-6.9,12.8,-10.7,35.7,1427.81,,,56.1,11.1,47.6,71.52
Australia,Canberra,2012,2580,21238909,72669,407146057.1,35.1,-6.1,12.4,-9.2,60.1,1440.64,,,51.8,10.4,40.2,70.73
Australia,Canberra,2013,2608,21600180,72856,398163798.2,40.2,-5.9,13.5,-8.5,38.1,699.74,,,57.6,9.9,35.9,67.35
Australia,Canberra,2014,2891,21927587,66809,393464239.2,39.1,-7.9,13.7,-7.8,36.4,710.58,,,53.6,9.6,36.9,70.25
Austria,Vienna,1991,1769,7299728,23808,65899677.65,34.1,-15.9,9.8,-22,35.2,911.6,,7.91,49,10.9,31.3,73.19
Austria,Vienna,1992,1759,7375368,26450,60431459.18,36.2,-11.9,11.4,-14.4,37,583.27,,3.8,58.5,12.2,29.9,68.91
Austria,Vienna,1993,1704,7433569,25611,60787739.13,33.1,-16.9,10.2,-20.9,34.2,411.21,,15.6,62.3,11.7,25.3,71.32
Austria,Vienna,1994,1776,7462552,27274,61190346.75,35.1,-13.6,12,-16.8,36.2,931.95,,6.95,55,13.7,23.6,71.47
Austria,Vienna,1995,1788,7477030,32237,64205950.22,34.1,-12.9,10.8,-18.2,36,398.02,,8.04,59.8,13.1,26.2,74.03
Austria,Vienna,1996,1779,7493706,31660,67673887.44,31.5,-20.8,9.2,-24.5,32.1,357.93,,12.65,88.5,11.9,28.4,76.52
Austria,Vienna,1997,1592,7512589,28325,67453011.31,31.6,-12.9,11.1,-16.8,32.6,617.97,,18.57,60.9,15.4,25.9,74.55
Austria,Vienna,1998,1559,7533519,28972,67054364.04,35.5,-13.6,10.9,-18.9,37.4,500.58,,5.84,62.5,18.6,41.1,72.87
Austria,Vienna,1999,1555,7561609,28722,65621004.96,35.1,-10.5,11,-18.9,37,465.99,,3.24,61.5,16.2,39.5,76.12
Austria,Vienna,2000,1588,7592073,25922,66261743.06,37,-13.2,12.1,-20.8,37.7,1510.51,,13.9,68.6,14.3,31.8,71.3
Austria,Vienna,2001,1489,7634560,25848,70390857.43,36,-12.9,10.9,-22.6,35.7,1547.17,,4.21,59.3,13,36,72.81
Austria,Vienna,2002,1553,7683162,27772,72146538.21,35.1,-12.9,11.8,-19.2,38.2,1757.17,,3.93,53.1,13.6,25.7,73.47
Austria,Vienna,2003,1456,7722033,33889,77764249.22,37.1,-11.7,12.1,-16.3,39.2,483.77,,6.81,46.9,22.1,1.9,69.47
Austria,Vienna,2004,1422,7773105,38711,78052545.98,32,-10.4,11.4,-16,34.1,1178.49,,9.45,51.7,22.8,8.9,71.39
Austria,Vienna,2005,1399,7827461,40367,79366679.88,35.8,-15.9,11.1,-20.2,39.3,729.43,72,9.6,49.5,17.1,5.6,72.15
Austria,Vienna,2006,1297,7869269,42698,76688464.51,35.1,-17.4,11.1,-26.8,36.3,1540.56,72,7.45,50.6,15.7,36.8,74.05
Austria,Vienna,2007,1285,7897272,49218,74032117.13,37,-9.7,12.1,-11.5,39.1,1777.88,82.8,4.92,63.2,17.6,37.7,71.17
Austria,Vienna,2008,1267,7925258,54294,73806271.05,34.3,-11.5,11.8,-17.1,37.4,1383.14,,2.5,64.3,17.2,38,73.12
Austria,Vienna,2009,1278,7946894,50356,67483059.72,34.8,-12.9,11.4,-21.9,37.6,1946.08,111.6,6.55,52.3,17,39.4,74.36
Austria,Vienna,2010,1264,7968421,49181,72383144.13,34.3,-15.4,10.2,-21.5,36.6,1715.46,154.8,10.15,54.4,16.5,40.8,73.61
Austria,Vienna,2011,1288,7995146,53923,70115670.43,36,-11.1,11.3,-16.9,40,1159.78,111.6,3.43,53.5,18.1,35,72.56
Austria,Vienna,2012,1276,8031276,50979,67661399.55,37.5,-15.8,11.6,-23.6,41.6,1275.62,100.8,3.83,52.3,19.4,34,70.6
Austria,Vienna,2013,1291,8079615,53229,68001230.43,38.3,-13.9,11.1,-20.5,42.9,1490.36,93.6,9.9,53.2,18.9,40.2,73.5
Austria,Vienna,2014,1314,8141165,54278,64253326.18,34.1,-11.4,12.3,-16.8,34.5,1595.92,100.8,2.08,60.2,18.7,25.8,73.08
Belgium,Brussels,1991,1805,9396600,22523,123544709.4,32.5,-13.1,9.8,-21.1,34.5,423.18,,10.28,59,11.1,59.4,79.92
Belgium,Brussels,1992,1878,9428100,25036,122657810.6,31.8,-6.9,10.5,-12.1,36.9,494.75,,49.8,66.6,11.5,60.6,80.82
Belgium,Brussels,1993,2142,9462900,23875,121557284.5,29.9,-10.6,10.2,-13.9,29.5,760.3,,3.54,64.8,11.7,63.7,79.13
Belgium,Brussels,1994,2131,9497400,25922,124938189,34.2,-8.9,11.1,-20.5,37.2,2023.84,,53.18,59,12.1,66.1,80.15
Belgium,Brussels,1995,2155,9527100,30394,126082964.2,33.9,-8.8,11,-13.6,37.2,562.68,,1.86,61.2,12.1,62.9,79.2
Belgium,Brussels,1996,2013,9557545,29438,129583624.6,32.2,-12.6,9,-18.8,32.9,382.93,,2.05,76.9,11.6,65.1,79.55
Belgium,Brussels,1997,2146,9576223,26609,124046824.6,31.6,-14.6,10.6,-21.2,33.4,583.87,,1.54,78.1,12,64,79.16
Belgium,Brussels,1998,2019,9620997,27087,130285112.6,34.9,-8.6,10.7,-11.7,35.7,416.74,,8.52,82.8,12.4,69.6,80.94
Belgium,Brussels,1999,1857,9648277,26969,124745701.4,30.3,-9.1,11.1,-10.8,29.6,278.22,,3.81,54,13.9,64.3,80.63
Belgium,Brussels,2000,2143,9674025,24592,126794789.3,32.1,-5.1,11.2,-8.5,33.6,992.63,,0.22,57.6,14.7,67,81.52
Belgium,Brussels,2001,2165,9710055,24494,126129005.9,33.4,-7.4,10.8,-13.4,33.2,1192.69,,4.81,75.6,14.4,65.5,80.79
Belgium,Brussels,2002,2076,9758570,26526,126444626.4,32.1,-6.9,11.4,-12.8,36.4,2047.53,,1.8,66.6,9.3,54.2,80.91
Belgium,Brussels,2003,2091,9804122,32538,127953184.7,35.1,-8.9,11.4,-15.5,37.8,968.88,,5.32,67.2,9.4,43.7,75.59
Belgium,Brussels,2004,1987,9848022,37661,129040882.7,31.1,-7.9,11,-9.3,31.5,1398.93,,3.8,63,9,53.1,78.17
Belgium,Brussels,2005,2029,9901014,39124,125638201.6,34.1,-6.9,11.2,-11.3,34.6,1471.4,46.4,5.03,85.3,9,51.5,78.34
Belgium,Brussels,2006,1935,9962702,41135,124030888.5,35.1,-7.9,11.3,-12,33.4,1398,72,2.6,53.6,9,45.4,77.67
Belgium,Brussels,2007,1857,10030266,47040,120611401.8,30.5,-6.9,11.3,-8.7,30.1,1438.9,72,,72.4,9,44.2,77.4
Belgium,Brussels,2008,1999,10100850,51345,120659010,30.7,-6.8,10.6,-10,30.9,734.37,,2,54,17.2,58,77.24
Belgium,Brussels,2009,2013,10173366,47630,107642367,33.6,-14.1,10.8,-18.5,34.1,978.36,97.2,6.49,44.4,18.8,47.6,76.16
Belgium,Brussels,2010,2013,10211171,47355,113582031.4,32.9,-8,9.5,-13.3,32.9,887.88,94.7,4.83,43.2,17.2,40.6,77.25
Belgium,Brussels,2011,2088,10355126,50893,104158641.9,33.3,-5.4,11.6,-10,33.8,810.79,89.4,4.14,47.4,18.8,22,74.96
Belgium,Brussels,2012,2026,10442637,47678,101394975.2,34.6,-12.6,10.6,-18.8,35.2,936.49,91.8,1.61,47.4,20,18.2,77.03
Belgium,Brussels,2013,1895,10526149,49489,101970442,33.7,-10,10.1,-12.2,34.7,749.9,97.2,5.58,56.4,19.4,13.2,76.7
Belgium,Brussels,2014,1899,10578848,50173,96391041.25,32.7,-5.6,11.9,-11.1,33,748.95,111.4,4.33,48,20.7,16.1,76.72
Brazil,Brasilia,1991,5156,134281850,4490,217227472,33.1,4.7,21.5,-0.4,35.2,3555.94,,,138.5,12.5,49.5,68.76
Brazil,Brasilia,1992,5207,137007021,2924,218383504,31.1,-2.8,21,,37.9,2423.76,,,202.5,12.9,52.9,71.93
Brazil,Brasilia,1993,5508,139615477,3136,228333216,36.1,9.9,21.9,,33.9,2201.07,,,202.4,12.7,44,65.31
Brazil,Brasilia,1994,5896,142188450,3925,239470720,40.5,5.3,22,2.1,42.9,3023.2,,,195.3,12.9,46.5,66.14
Brazil,Brasilia,1995,6536,144783591,5313,255583376,34.1,-4,21.7,4.1,36.1,2506.2,,19,195.3,12.9,47.8,68.89
Brazil,Brasilia,1996,6698,147353130,5771,281194784,35.1,1.8,21.6,-2.2,38.7,1897.13,,,99.6,12.7,48.1,67.49
Brazil,Brasilia,1997,6891,149932627,5891,296585256,34.1,7.4,21.4,7.8,33.6,2068.44,,12,178.8,12,50.1,69.5
Brazil,Brasilia,1998,6922,152524311,5663,308305720,50.4,8.1,22.5,6.2,42.5,1571.27,,,114.3,12.3,45,65.57
Brazil,Brasilia,1999,6507,155122073,3864,316282440,33.1,9.1,21.6,8.3,33.1,974.72,,2.98,106.8,12.2,45.2,65.84
Brazil,Brasilia,2000,6763,157715991,4156,324226040,35.1,5.6,22.3,0.4,33.3,1773.31,,6,178.8,12.3,46.8,67.7
Brazil,Brasilia,2001,7710,160178796,3492,332987400,35.1,2.2,22.2,-3.5,32.9,1692.81,,,132.6,12.3,45.9,67.78
Brazil,Brasilia,2002,7697,162761414,3121,327434832,34.1,9.1,22.3,9,33.4,537.2,,,100.1,13,43.2,65.72
Brazil,Brasilia,2003,7839,165396911,3376,317508448,33.4,0.5,21.2,-3,32.5,62.7,,,74.2,13.2,50.1,68.7
Brazil,Brasilia,2004,7995,167993068,3984,333675144,35.1,5.6,22.6,4,40.2,0.5,,,92.5,12.8,55.8,71.25
Brazil,Brasilia,2005,8529,170483960,5230,342086472,33.7,8.1,21.2,6.8,36.2,508,,10,92.5,12.9,53.8,70.87
Brazil,Brasilia,2006,8618,172974722,6403,341946368,33.1,1,20.7,-0.6,30.8,1609.7,,,74.2,12.9,54.6,71.09
Brazil,Brasilia,2007,8855,175293192,7970,356918752,34.1,8.1,21.4,7.8,32.3,1050.9,,,64.8,12.8,41.6,64.42
Brazil,Brasilia,2008,9184,177471632,9555,380344928,35.2,7.1,21.3,6.8,33.1,1063.2,,,101.9,11.6,46,65.66
Brazil,Brasilia,2009,9346,179569551,9283,360090776,33.1,8.1,22,,32.7,979.1,,,103.7,11.9,52.9,66.11
Brazil,Brasilia,2010,9429,181629712,12161,411240192,34.1,8.1,22.4,8,31.6,931.8,,,87.1,11.8,38.6,55.71
Brazil,Brasilia,2011,9822,183656441,14245,430194902.3,33.6,9.1,21.6,8.6,31.2,863.4,,,46.4,11.8,41.5,63.66
Brazil,Brasilia,2012,10295,185591215,13283,460063092.5,35.1,10.1,21.9,,32.8,732.3,,,46.4,11.8,41.7,63.96
Brazil,Brasilia,2013,10513,187458852,13191,493593511.3,33.1,9.1,22.1,8,32.5,428.3,,,61.2,10.7,45.3,65.92
Brazil,Brasilia,2014,10631,189285554,12975,519526349.7,36.1,9.1,23.1,,33.4,0,,,70.6,9.8,41.6,59.43
Canada,Ottawa,1991,3593,25390400,24038,454627504.2,35.1,-25.9,7.2,-35.6,37.8,760.5,,16.22,57.6,25.2,63.7,69.73
Canada,Ottawa,1992,3708,26454400,22393,468864767.5,30.6,-29.9,5.5,-41.9,33.7,962.5,,14.6,55.4,24.8,57.1,73.1
Canada,Ottawa,1993,3803,26944700,21421,467879575.2,31.3,-30.1,6,-37.5,37.7,1043.9,,5.74,38.1,24.3,16.4,81.26
Canada,Ottawa,1994,3748,27246000,21219,483058456.9,32.5,-32,6.2,-42.4,37.6,911.2,,29.81,48.2,25,17.9,74.19
Canada,Ottawa,1995,3968,27618500,21871,495664515.6,35.1,-29,6.4,-44.2,39.8,1109.7,,24.45,94.3,24.8,64.1,66.99
Canada,Ottawa,1996,3941,27706600,22686,510556786.4,32.1,-26.9,5.8,-37.2,35.6,889.2,,15.48,64.8,23.2,67.8,67.62
Canada,Ottawa,1997,3681,28085100,23245,525253071.6,33.1,-29.9,5.8,-42.9,34.3,827.4,,19.73,46.4,24,67.2,67.15
Canada,Ottawa,1998,3699,28372536,22268,534236497.5,32.1,-25.9,8.4,-35.1,35,863.5,,14.31,74.2,25.2,68.3,66.98
Canada,Ottawa,1999,4074,28681643,23572,550043150.2,35.1,-29,7.9,-40,37,917,,17.34,51.8,25.8,60.2,67.99
Canada,Ottawa,2000,3606,29008565,25589,572530740,30.1,-26.9,6.2,-41.9,32,1102.7,,19.54,76,25.3,64.2,68.57
Canada,Ottawa,2001,3694,29262055,25165,564635320.1,36.1,-22,7.8,-32.6,39.9,967.91,,45.68,59.6,23.3,58.5,73.25
Canada,Ottawa,2002,3650,29642114,25570,570885097.8,35.1,-22,7.1,-31.9,39.5,1015.44,,12.18,74.4,22.1,55.5,70.31
Canada,Ottawa,2003,3765,29958833,29787,587596290.5,33.1,-28.5,6.1,-42.4,35.4,1141.97,,20.59,57.2,21.6,54.4,71.05
Canada,Ottawa,2004,3613,30283966,33787,585832799.3,30.1,-29.9,6,-43.7,31.4,972.67,,13.6,51.8,21.8,55.3,73.14
Canada,Ottawa,2005,3743,30597090,38218,576801628.7,32.7,-27.6,7.2,-39,37.5,756.8,68.4,18.34,38.9,22,0.3,77.89
Canada,Ottawa,2006,3512,30902962,42566,570487642.1,36.1,-21.4,7.9,-32.4,45.4,1356.71,104,16.12,53.6,20.9,60.1,73.66
Canada,Ottawa,2007,3611,31242631,46890,594140241.8,33.9,-26.1,6.7,-41.6,38.8,1070.2,113,20.64,55.4,21.1,26,73.16
Canada,Ottawa,2008,3705,31588641,49041,574805870.6,32.2,-26.2,6.5,-30.3,33.4,1096.49,,28.71,44,20.2,10.5,75.29
Canada,Ottawa,2009,3890,31937357,42933,540518686.7,33.1,-28.8,6.3,-37.7,35.8,1059.74,123.9,28.76,41.9,20.8,10.8,73.53
Canada,Ottawa,2010,3951,32286140,49974,555459693.7,34.9,-23,8.3,-32.3,37.7,1110,65.6,13.84,37,21.1,11,72.16
Canada,Ottawa,2011,3728,32615418,54841,560775900.5,36.1,-29.9,7.8,-36.3,40.2,989.26,86.8,17.65,48.9,21.2,10.9,72.77
Canada,Ottawa,2012,3926,32961196,55347,563675200.3,35.1,-23.9,8.2,-30.9,36.3,851.77,74.9,18.78,43.7,19.9,11.7,71.42
Canada,Ottawa,2013,4054,33314836,55310,568892395.7,33.3,-28.8,6.5,-38.2,37.9,784.6,144.4,31.45,53.6,20.6,5.1,73.5
Chile,Santiago,1991,787,11871000,3187,30942204.83,40.1,-3.3,14.4,-6.5,33,512.8,,,116.6,8.7,35.5,74.58
Chile,Santiago,1992,658,12125000,3791,32057897.2,35.1,-5.9,13.9,-9,33.8,817.03,,,100.1,8.2,37.3,74.8
Chile,Santiago,1993,740,12306400,4006,34163019.64,33.1,-4.8,14.1,-8.2,31.3,3175.5,,,82.8,7.6,33.1,71.09
Chile,Santiago,1994,801,12526600,4551,37642356.15,34.1,-2.9,14.5,-4.2,31.9,2540.6,,,110.9,7.1,36.7,69.01
Chile,Santiago,1995,930,12897643,5695,41090115.77,34.1,-2.9,14.6,-6.6,31.5,626.9,,,59,8,33.9,67.12
Chile,Santiago,1996,917,13125089,5946,47628510.91,34.1,-5.8,14.5,-5.9,31.8,185.6,,,110.9,7.6,28.6,65.03
Chile,Santiago,1997,910,13339550,6368,55450281.02,35.1,-1.9,15,-4,32.8,969.7,,,92.5,7.2,43.2,67.78
Chile,Santiago,1998,1031,13543940,6023,56807225.79,36.1,-4.1,14.8,-5.9,34.3,78,,,59.4,7,41,66.74
Chile,Santiago,1999,1041,13743882,5470,60907276.77,35.1,-3.3,14.3,-4.3,31.6,19.6,,3.18,40.7,7.5,38.8,69.91
Chile,Santiago,2000,1473,13943575,5584,58113694.29,33.4,-2.9,14.4,-5.1,31.8,321.4,,,43.2,7.7,36.8,69.26
Chile,Santiago,2001,1625,14139590,5020,52576557.22,34.1,-5.9,14.8,-7.1,33.4,292.5,,,83.2,8.1,40,67.63
Chile,Santiago,2002,1603,14332840,4866,54490336.19,34.1,-1.9,14.5,-4,32,518.4,,,43.2,7.7,40.5,65.17
Chile,Santiago,2003,1654,14523758,5208,54884195.52,36.1,-3.9,14.9,-5.6,34.6,468.4,,,92.5,7.7,34.1,63.86
Chile,Santiago,2004,1735,14710993,6744,59047507.78,34.1,-2.9,14.8,-5.3,31.7,267.1,,,79.6,8,37.1,66.61
Chile,Santiago,2005,1682,14893574,8256,60947142.8,35.8,-2.9,15.1,-5.1,35.3,522.01,,,142,7.9,40.4,68.53
Chile,Santiago,2006,1795,15071596,10270,63971578.71,36,-1.9,15.3,-4,35,687.94,,,33.5,8.3,34.2,65.66
Chile,Santiago,2007,1848,15245435,11387,70706929.91,34.1,-3.9,14,-6,32,161.05,,,38.9,8.3,30.7,64.3
Chile,Santiago,2008,2088,15415661,11653,70818677.29,34.6,-0.9,15.2,-3.7,33.2,375.87,,,71.2,8.7,27.8,66.22
Chile,Santiago,2009,2148,15584149,11062,65919858.48,34.1,-1.9,15.4,-5.1,31.6,294.77,,,40.7,8.9,30.2,62.08
Chile,Santiago,2010,2001,15751851,13874,71329785.86,35.1,-3.9,14.6,-7.2,33.8,224.75,,,37.1,8.7,26.2,63
Chile,Santiago,2011,2027,15910783,15854,78083781.19,34.1,-2.9,15,-5.1,32.2,149.23,,,92.5,8.8,25.6,61.22
Chile,Santiago,2012,1841,16075247,16617,79703889.85,34.7,-1.9,15.6,-4.3,32.2,225.06,,,40.7,8.9,31.1,61.88
Chile,Santiago,2013,1738,16242244,17140,81675970.15,36.1,-2.9,15.2,-5.1,33.8,139.81,,,38.9,8.6,27.2,60.78
Chile,Santiago,2014,1789,16406867,15883,80977071.12,34.1,-0.9,15.2,-3.7,31.8,176.8,,,37.1,8.2,30.6,59.48
Colombia,Bogota,1991,1010,30584178,1348,56655254.46,33.4,-1.9,13.6,-1.7,34,2905.14,,,105.5,11.3,58.1,80.27
Colombia,Bogota,1992,1086,29615400,1664,61500346.84,32.1,0.1,13.7,-1.9,38,2222.12,,,59.4,10.8,57.7,78.36
Colombia,Bogota,1993,1085,30242200,1845,63336717.79,30.2,-0.9,13.6,1,35,3474.78,,0,90.7,11,62.6,80.31
Colombia,Bogota,1994,1198,30874600,2646,66709452.15,30.4,0.1,13.5,-0.6,32.2,3450.28,,,76.6,11,69.4,81.55
Colombia,Bogota,1995,1150,33090899,2796,58620256.85,31.2,-3.9,13.2,-4.6,33.6,2791.98,,,86.4,10.8,66.9,81.18
Colombia,Bogota,1996,1209,33703636,2883,59458523.67,27.1,-1.9,13,-2.8,28.8,2926.74,,,72.4,11.1,69.2,82.07
Colombia,Bogota,1997,1242,34338825,3106,63771230.47,31.4,0.1,13.6,-0.9,33.7,2417.26,,,83.6,11.4,70,79.99
Colombia,Bogota,1998,2052,34987039,2814,64613723.26,27,-24.3,14.2,-0.6,28.9,2179.91,,,90.8,10.5,70,78.63
Colombia,Bogota,1999,2143,35629408,2419,55027452.96,31.2,4.1,13.5,2.2,32.6,3329.62,,3.77,163.1,11.2,73.3,80.07
Colombia,Bogota,2000,2358,36252342,2755,56215715.58,31.4,0.8,13.1,-2.4,36.1,2617.13,,,79.2,11.4,72.2,80.13
Colombia,Bogota,2001,2412,36884428,2662,55251474.9,33.1,-1.9,13.4,-2.7,35.5,2521.67,,12,97.2,11.6,71.8,80.75
Colombia,Bogota,2002,2379,37478276,2613,54853226.55,34.2,1.1,13.9,-1.4,35.1,2701.86,,,72,11.6,72.5,79.36
Colombia,Bogota,2003,2269,38044513,2489,56728246.39,33.1,2.1,13.6,0.2,34.4,2516.06,,,44.3,11,72.8,79.25
Colombia,Bogota,2004,2244,38604716,3033,54551411.78,32.4,0.1,13.2,-2.5,33.7,1021.97,,,93.6,10.4,72.2,81.48
Colombia,Bogota,2005,2102,39172790,3742,60250755.21,34.1,2.1,13.5,0.6,35.9,2561.13,,,72,10.6,73,83.09
Colombia,Bogota,2006,2177,39708676,4095,62197352.72,25.1,3.1,13.3,1.9,,1409.67,,,74.2,10.6,71.4,83.33
Colombia,Bogota,2007,2181,40275206,5150,61571506.14,26.7,-1.9,13.1,-0.6,,1959.05,,,85.3,10.6,70.4,83.73
Colombia,Bogota,2008,2220,40859129,5971,67226517.13,44.1,2.1,13,1.7,36.9,126.05,,,100.1,10,67.2,86.35
Colombia,Bogota,2009,2249,41436173,5643,71851614.45,32.1,1.8,13.8,-0.9,34.3,20,,,44.3,10.4,67.4,79.37
Colombia,Bogota,2010,2107,41989103,6836,75300420,32.9,-0.9,14,-3.1,35.6,2787.06,,,72,11,72.7,81.39
Colombia,Bogota,2011,2044,42538305,7885,75743096.52,31.6,4.1,14,2.2,33.7,3260,,,100.1,11.3,73.1,80.17
Colombia,Bogota,2012,2119,43055864,8586,79350288,33.1,3.1,13.8,2.2,35.6,3482.68,,0,74.2,11.7,71.1,77.26
Colombia,Bogota,2013,2068,43546298,8731,89000052.05,34.1,1.1,14,-0.6,38.4,1546.42,,,77.8,10,66,76.38
Colombia,Bogota,2014,2126,44021800,8591,83415538.22,34.1,2.1,14.1,-0.2,35.2,243.48,,,42.5,9.5,64.6,76.11
Czech Republic,Prague,1991,1904,9667500,3070,148512476.3,32.7,-18.9,7.8,-27.6,34.4,273.66,,4.87,61.2,11.1,46.9,75.88
Czech Republic,Prague,1992,1991,9681900,3573,144074218.8,35.1,-12,9.2,-17.9,34.8,234.69,,4.38,79.6,12.1,45.8,74.21
Czech Republic,Prague,1993,1917,9703400,4186,137962666.6,31.8,-18.9,8.1,-25.1,30.7,507.12,,6.94,82.8,10.5,46.1,74.95
Czech Republic,Prague,1994,1872,9723700,4891,131532508.7,36.1,-13.9,9.6,-23.2,34.2,329.71,,3.51,73.2,12,50.8,75.16
Czech Republic,Prague,1995,1733,9744300,6134,131972060.9,33.1,-14.9,8.7,-21.5,33.5,343.73,,3.04,54,11.7,56.8,78.28
Czech Republic,Prague,1996,1568,9763900,6861,134648713.8,29.9,-22.9,6.9,-28.7,30.4,383.04,,3.38,50.4,10.6,60.7,80.49
Czech Republic,Prague,1997,1666,9786700,6314,130849714.1,31.3,-14.9,9.4,-22.7,31.6,487.51,,9.25,70.2,15.4,58.6,75.47
Czech Republic,Prague,1998,1613,9808300,6779,125125662.6,34.7,-16.1,7.5,-21.9,35.4,577.67,,2.34,54,19.6,69.5,77.63
Czech Republic,Prague,1999,1610,9819215,6606,116441581.7,33.7,-15.4,9.3,-20.6,33.5,198.1,,3.31,57.2,20.8,68,75.71
Czech Republic,Prague,2000,1649,9819742,6278,126896914.3,34.1,-13.5,10,-18.5,32.8,839.96,,2.36,55.4,21,67.1,75.36
Czech Republic,Prague,2001,1623,9838083,6863,126666372.5,31,-13.1,8.7,-19.9,31.3,1020.52,,4.83,50.4,19.6,69,82.13
Czech Republic,Prague,2002,1534,9752463,8399,123598029.5,32.2,-15.9,9.5,-19.4,33,1195.15,,4.99,72,19.1,66.8,79.47
Czech Republic,Prague,2003,1719,9748550,10220,127048374.1,35.7,-14.2,9.3,-17.3,34,599.55,,1.99,43.4,21.2,57.4,71.92
Czech Republic,Prague,2004,1583,9746647,12226,127759325.4,32.1,-20.4,9.2,-22.1,30.4,478.92,,6.48,57.6,19,62.5,75.06
Czech Republic,Prague,2005,1565,9761733,13961,125294530.7,35.3,-13.5,9.2,-19.1,37.8,480.31,90,6.67,50,15.7,57.7,77.44
Czech Republic,Prague,2006,1400,9780319,15896,126380290.9,33.6,-16.4,9.6,-19.5,31.9,480.87,187.2,3.96,40.7,15.6,55.6,77.07
Czech Republic,Prague,2007,1379,9818295,19273,128180733.9,36.6,-9.1,10.7,-14.2,35.5,513.52,165.6,7.85,79.6,21,60.4,71.21
Czech Republic,Prague,2008,1379,9899594,23811,122933867.9,33.1,-9.5,10.7,-14.7,31.7,433.57,,3.48,49.9,20.9,63,72.13
Czech Republic,Prague,2009,1464,9937407,20748,115255283.6,35.9,-14.7,10.3,-24.2,38.6,473.96,334.8,5.52,46.4,20,64.5,72.68
Czech Republic,Prague,2010,1502,9945273,20862,117495552.1,35.5,-18,8.9,-22.1,35.3,678.17,331.2,16.55,46,18.9,64.9,73.83
Czech Republic,Prague,2011,1590,9906318,23010,115023302.1,33.1,-13.9,10.5,-18.4,35.1,491.59,92.4,5.55,45.9,20.5,56.1,72.02
Czech Republic,Prague,2012,1658,9923127,20898,110914080.3,38.3,-20.1,10.6,-25.6,36.9,527.19,93.6,4.25,49.8,21.3,56.9,70.87
Czech Republic,Prague,2013,1577,9936780,21073,106401191.6,38,-16.2,9.8,-17.2,39.9,656.36,110.2,6.14,70.3,19,63.4,74.39
Czech Republic,Prague,2014,1489,9963127,20859,104060306.6,35.4,-13.6,11,-17.7,34.3,751.43,74.7,2.3,42.7,18.2,63.2,74.56
Denmark,Copenhagen,1994,999,4874900,32034,64715175.9,31,-11.9,8.9,-13.8,30.6,40.64,,,58.4,9.4,55.6,78.33
Denmark,Copenhagen,1995,924,4889100,37841,61628495.15,28.2,-14.9,8.3,-20.4,28.7,19.89,,,59.8,9.2,52.6,76.99
Denmark,Copenhagen,1996,892,4917300,38158,74877499.12,27.1,-18.9,6.9,-23.6,27.7,25.2,,,66.2,8.8,53.8,80.83
Denmark,Copenhagen,1997,817,4937300,35148,65469575.91,29.1,-16.9,8.2,-23.3,30.6,82.11,,,65.7,9.2,50.3,81.46
Denmark,Copenhagen,1998,763,4956400,35710,61229414.93,24.1,-11.9,8.1,-17.9,,397.35,,99,57.5,9.2,58.3,85.05
Denmark,Copenhagen,1999,762,4976200,35763,58649506.28,28,-14.9,8.7,-18.6,27.8,497.48,,2.91,89.7,9.4,53.9,85.44
Denmark,Copenhagen,2000,728,4998610,32841,54307550.56,30.9,-12.4,9.3,-17.8,31.5,1434.79,,,69.7,11,45.8,84.74
Denmark,Copenhagen,2001,727,5018451,32837,55880752.14,29.8,-12.4,8.5,-18.4,31.9,1116.42,,,65.7,10.4,41.7,83.75
Denmark,Copenhagen,2002,688,5041222,35435,55551688.18,28.6,-10.8,9.2,-16.8,30.5,995.27,,,78.6,10,37.8,82.34
Denmark,Copenhagen,2003,633,5056783,43129,60635258.35,26.9,-14.7,8.7,-19.1,27.5,966.31,,,55,9.9,34,80.41
Denmark,Copenhagen,2004,661,5072927,49552,55110133.46,26.8,-11.8,8.6,-16,26.8,699.31,,,49.7,10.3,33.3,81.37
Denmark,Copenhagen,2005,631,5089852,51960,51532074.05,28.6,-13.5,9.1,-17.5,27.8,1102.67,140.8,,68.4,14.1,22.1,80.35
Denmark,Copenhagen,2006,650,5110460,55354,59438879.3,28.6,-9.9,9.7,-16.4,28.5,1055.43,90.7,,53.5,12.3,25.5,81.17
Denmark,Copenhagen,2007,581,5133001,62229,54657107.28,28.6,-6.8,9.9,-12.9,27.7,1054.36,103.7,,61.3,11,33.3,79.99
Denmark,Copenhagen,2008,603,5162525,68447,51210598.01,28.3,-5.8,9.9,-11.4,27.7,723.74,,,52.6,11,30.4,77.78
Denmark,Copenhagen,2009,622,5192790,61863,48823493.8,28.3,-8.9,9.5,-13,28.1,693.39,205.2,,65.8,11.4,31.4,79.76
Denmark,Copenhagen,2010,563,5217785,61711,49292274.56,29.1,-12.3,7.8,-18,30.4,808.64,162,,44.9,10.8,32.5,83.03
Denmark,Copenhagen,2011,589,5244150,65598,44315542.97,26,-7.2,9.5,-13.2,,855.1,219.6,,66.1,10.1,29.8,81.96
Denmark,Copenhagen,2012,661,5270539,62071,39880858.08,29.6,-11.4,8.9,-17.8,30.4,642.23,190.8,,50.4,12.3,30.5,79.05
Denmark,Copenhagen,2013,610,5299698,64831,41825053.93,28.4,-9.5,9,-14.8,29.6,526.9,167.7,,73.5,16.9,28,78.76
Denmark,Copenhagen,2014,629,5339166,66114,37623532.41,28.8,-7.6,10.4,-15.2,28.5,1373.59,95.2,,59.2,16.9,31.3,80.29
Finland,Helsinki,1991,1493,4698500,27214,55225267.32,28.1,-22.9,5.8,-29.2,28.1,0,,5.58,64.6,10.5,54.6,83.14
Finland,Helsinki,1992,1451,4720900,23857,54280474.65,30.1,-19.9,6,-24.6,30.1,0,,6.47,63.9,11,56.1,80.23
Finland,Helsinki,1993,1397,4741000,18826,56348524.02,27.1,-18.9,4.9,-27.7,26.4,0,,5.1,139.6,11.4,51.1,75.66
Finland,Helsinki,1994,1387,4761600,21699,61711568.31,32.1,-26.9,5,-34,31.3,15,,11.44,65,13.4,53.4,78.25
Finland,Helsinki,1995,1388,4781300,28068,58141560,28.1,-27.9,5.9,-29.2,28.3,0,,5.47,79.6,14.2,53.9,80.2
Finland,Helsinki,1996,1247,4802200,27508,64058350.01,27.1,-26.9,4.7,-32,26.6,0,,16.28,62.9,13,53.9,80.97
Finland,Helsinki,1997,1322,4823200,26296,62718271.1,30.1,-20,5.5,-28.5,28.6,0,,7.15,62.8,14.5,52.6,77
Finland,Helsinki,1998,1228,4844673,27646,59375064.98,27.1,-20.9,5.3,-29.5,27.7,0,,4.73,64.5,12.2,57.7,80.69
Finland,Helsinki,1999,1207,4864255,27800,58898261.66,29.4,-28.9,6.4,-36.9,28.8,471.38,,10.63,44.3,10.7,53.3,77.34
Finland,Helsinki,2000,1165,4881820,25716,57041531.95,28.1,-20.6,7,-24.3,27.8,1453.38,,4.01,44.3,11.4,58,78.77
Finland,Helsinki,2001,1204,4898983,26383,62539274.13,28.1,-25.2,5.6,-37,28.4,1411.02,,8.01,65,11.2,57.1,78.58
Finland,Helsinki,2002,1095,4915614,28390,65061819.8,28.1,-26.6,5.8,-34.6,27.7,812.05,,6.42,64.8,11.8,49.5,75.33
Finland,Helsinki,2003,1075,4929856,34701,72658369.77,30.4,-30.9,5.3,-34.3,30.8,1100.28,,12.55,56.3,11.2,53.6,79.23
Finland,Helsinki,2004,1064,4944765,39793,68961595.52,28.4,-22.9,5.6,-28.9,28.6,1476,,21.03,52.6,11.2,56.1,80.88
Finland,Helsinki,2005,994,4961784,41202,57045015.54,28.7,-22.9,6.1,-27.1,28.2,1134.5,,9.76,56.4,11.1,51.9,80.38
Finland,Helsinki,2006,1062,4979740,43487,68379818.2,29.7,-25.4,6.3,-32.4,28.4,1173.1,,10.94,59.8,10.8,47.2,79.1
Finland,Helsinki,2007,995,4998853,51089,66755662.84,27.5,-24.9,6.6,-32.6,28,1334.5,,9.42,54.6,11.4,52.1,81.04
Finland,Helsinki,2008,1033,5020096,56521,58608815.58,26.7,-10.6,7.6,-17.3,,837.31,,5.15,65.2,27.7,59.9,78.63
Finland,Helsinki,2009,1034,5042316,49878,55818226.93,27.9,-18.2,6.2,-22.9,27.2,592.8,,14.56,41.6,29,56.2,79.69
Finland,Helsinki,2010,954,5063494,48939,63991753.14,29.9,-22.5,5.1,-32.2,31.2,682.8,,41.71,38.7,26.4,57.7,81.31
Finland,Helsinki,2011,912,5085985,53809,56544141.87,28.5,-23.7,7.2,-31.2,28.6,777.54,,48.46,53.9,29.1,51,80.72
Finland,Helsinki,2012,873,5110450,50232,51111890.38,26.4,-26.2,6.1,-31.8,,877.4,,28.68,43,26.8,35.8,80.24
Finland,Helsinki,2013,887,5135433,52572,51901569.29,28.2,-20.5,7.3,-26.4,28.8,563.38,,31.85,52.5,21,23.7,77.78
Finland,Helsinki,2014,789,5159944,52832,47799653.47,29.4,-19.6,7.6,-24.7,29.2,646.38,,7.42,49.2,24.8,19,77.38
France,Paris,1991,11502,53282900,23821,428649453.8,34.3,-12.3,11,-20.8,39.5,599.23,,1.15,58,9.7,41.2,79
France,Paris,1992,11644,53622300,26136,418445165.7,34.5,-5.9,11.5,-11.2,34.5,886.97,,,68.4,10,49.1,82.38
France,Paris,1993,12251,53945400,24521,398644805.8,30.5,-8.9,11,-14.3,32,964.9,,0.5,66.6,9.3,53.1,79.11
France,Paris,1994,12041,54247100,25697,393394915.3,35.5,-8.9,12.4,-12.8,36.1,657.4,,1,59.4,9.7,54.4,76.99
France,Paris,1995,11819,54528500,29363,400563852.3,36.1,-5.9,12.2,-11.9,38.2,689.1,,2,64.8,9.5,49.3,76.5
France,Paris,1996,11279,54791600,29305,416189552.7,33.1,-9.9,10.8,-16.6,33.1,495.9,,4.71,46.4,9.5,52.2,74.34
France,Paris,1997,11139,55045500,26394,409449878.4,33.1,-11.9,12.2,-19.9,33.5,674.8,,1.96,59.4,9.6,47.8,75.11
France,Paris,1998,10534,55280700,27190,429788966.1,36.5,-8,11.4,-11.4,35.7,717.4,,,55.4,9.9,54.6,76.66
France,Paris,1999,10268,55043393,27118,425674650.1,32.2,-4.9,12.3,-8.8,33.2,1173.76,,3.82,68.6,13.6,47.7,77.2
France,Paris,2000,10849,55267624,24648,420652709.4,32.3,-6.5,12.3,-8.6,32.2,2122.32,,,54.7,14.8,44.7,76.22
France,Paris,2001,10449,55511272,24796,425882460.6,34.4,-4.4,11.9,-11.7,34.5,1296.72,,41.88,43,14.5,44.2,75.68
France,Paris,2002,10643,55935517,26714,420919498.2,34.1,-5.4,12.5,-9.1,37.1,896.02,,215,61.5,15.7,44.8,75.05
France,Paris,2003,10871,56360402,32656,428002759.9,39.1,-8.2,12.7,-14.7,38.8,576.08,,1.42,57.2,17.5,39,70.76
France,Paris,2004,10804,56813922,37240,428927747.1,33,-6,12,-8.6,32.6,681.15,,2.01,53.6,17.3,44.4,73.66
France,Paris,2005,10713,57160687,38420,432639271.3,34.2,-6,12.4,-12,34.2,489.03,72.4,3.85,31.6,17.6,35.6,73.37
France,Paris,2006,10423,57824447,40097,422101255.2,36.1,-4.8,12.6,-10.1,35.9,656.45,94.8,1.28,41.1,16.1,36.2,73.76
France,Paris,2007,10127,58167011,45682,412898356.6,33.1,-3.8,12.6,-8,32.9,735.08,94.7,1,45,13.9,34.8,72.75
France,Paris,2008,10353,58482967,49901,406790823,33.7,-3.3,12.1,-8.1,33.9,603.03,,0.67,40.7,19.7,35.4,73.63
France,Paris,2009,10499,58770727,45775,386942089.4,35.3,-9.1,12.3,-15.1,36,542.47,91.5,2.2,41.1,16.9,32.4,73.59
France,Paris,2010,10379,59056283,44747,397900468.6,34.5,-5.9,11.4,-12.7,33.8,674.05,122,2.66,49,22.9,36.9,69.52
France,Paris,2011,10408,59344643,48217,372792615.7,36.3,-4,13.3,-8.3,36.2,517.37,94,,37.4,19.1,27.9,68.59
France,Paris,2012,9743,59638457,45002,374112621.7,38,-8.5,12.3,-16.2,37.8,643.96,92.5,0.14,38.6,18,11.1,70.3
France,Paris,2013,9600,59910069,46922,374258601.9,35.4,-5.8,11.8,-10.7,34.7,519.32,77.8,0.01,38.7,15.5,8.8,72.3
France,Paris,2014,8881,60275954,47318,343572632.5,35,-5.6,13.1,-8,37.2,712.16,83.5,1,43,15.7,9.6,75.05
Germany,Berlin,1991,14010,75495900,24662,1014972286,34.6,-13,9.4,-22.6,34.7,887.56,,8.08,83.6,11.2,42.8,73.15
Germany,Berlin,1992,13458,76131700,27888,966705828.7,37.7,-9.7,10.9,-20,37.8,1285.64,,44.26,95.6,14.1,17.5,69.35
Germany,Berlin,1993,12690,76793400,26937,956994179.8,50.1,-16.3,8.3,-26.6,30.7,3832.7,,4.74,63,9.2,20,78.84
Germany,Berlin,1994,12718,77163400,28588,940407989.4,36.7,-13.3,9.2,-25.3,34.3,735.8,,2.11,61.2,9.2,11.9,75.28
Germany,Berlin,1995,12888,77547500,33420,940086746,33.4,-14.8,8.3,-23.6,32.8,533.2,,7.3,57.2,8.9,11.5,77.98
Germany,Berlin,1996,12225,77882500,32147,960174299.5,31.9,-18.9,6.3,-27.7,31.8,350.9,,5.3,51.8,8.6,11.6,80.24
Germany,Berlin,1997,12256,78067900,28420,932347358.9,30.9,-18.9,8.3,-27.3,31.1,562.9,,2.93,66.6,10.1,13.3,78.17
Germany,Berlin,1998,11654,78071100,28733,924404529.9,33.2,-13.3,8.6,-19.9,31.8,1005.8,,5.95,53.6,10.5,14.6,79.98
Germany,Berlin,1999,11160,78141200,28154,896882683.4,33.9,-10.9,9.2,-13.6,34,423,,6,29.5,10.8,13.8,78.23
Germany,Berlin,2000,11073,78242066,24922,900960091.2,35.2,-10.6,9.5,-15.8,33.7,601.7,,4.82,27.7,10.7,12.2,82.37
Germany,Berlin,2001,11167,78421514,24874,917476828.5,33.2,-12.3,8.3,-19.1,33.7,1137.4,,9.27,57.6,10,36.3,86.78
Germany,Berlin,2002,11176,78633771,26441,900955099.1,32.4,-15.1,8.7,-22.8,33.1,830.2,,14.36,64.8,10.2,52.9,86.32
Germany,Berlin,2003,11155,78756461,31816,901969864.6,34.4,-16.9,9.2,-25.1,32.7,371.44,,7.67,71.3,11.1,39,78.26
Germany,Berlin,2004,10741,78811814,35772,887996509.2,29.6,-11.3,8.5,-18.2,28.9,474.2,,5.05,108,11,50,85.12
Germany,Berlin,2005,10270,78851254,36289,867223505.9,33,-11,10.1,-17.2,31.8,0,,,49.6,9.7,43.4,75.92
Germany,Berlin,2006,9775,78828994,38088,878747131.4,35.8,-17.4,10.8,-25,33.6,0,,,45.5,9.6,40.7,74.3
Germany,Berlin,2007,9409,78776585,43667,852096162.2,36.1,-7,11,-13,35.2,0,,,54,10,48,75.98
Germany,Berlin,2008,9459,78662789,47702,854420962.4,0.7,0.7,0.7,-3,,0,,,12.3,1.3,90,93.37
Germany,Berlin,2009,9579,78448602,43570,789963521.6,32.1,-17.6,10.2,-23.9,30.5,0,,,49.1,9.5,44.9,73.49
Germany,Berlin,2010,10030,78349067,43614,833684918,37.1,-18.1,8.8,-25,35.6,0,,,54.6,9.4,50.4,74.38
Germany,Berlin,2011,10153,78371140,47947,810802325.3,32.1,-12.3,10.7,-18.1,31.7,0,,,51.9,9.7,40.3,72.4
Germany,Berlin,2012,9896,78508115,45142,815197408.6,35.1,-18.3,10,-24.2,35.1,0,,,50,9.7,44.5,74.47
Germany,Berlin,2013,10091,77270988,48563,832642995.5,34.1,-12.8,9.9,-17.5,33.7,0,,,55,9.1,32.1,75.56
Germany,Berlin,2014,10217,77552369,50167,793635843.4,33.9,-13.8,11.4,-23.8,32.2,0,,,46.4,9,41.9,74.33
Ireland,Dublin,1991,345,3252100,15328,33606745.97,24,-5.4,9.8,-11.4,,344.86,,4.6,80,22.1,69.5,80.04
Ireland,Dublin,1992,362,3283400,17051,33417982.65,23.3,-4.7,9.9,-8.6,,353.79,,2.5,58.9,25.2,68.6,79.74
Ireland,Dublin,1993,326,3306500,15872,33649184.97,22.5,-1.6,10.7,-6.9,,546.2,,41,83.2,26.4,74.9,80.85
Ireland,Dublin,1994,394,3326000,17188,34772191.86,21.5,-2.7,9.5,-9,,618.14,,2.71,64.3,25.8,75,84.58
Ireland,Dublin,1995,403,3345900,20689,35794378.76,27.2,-7.3,10.1,-10.1,27.3,707.71,,5,88,26.6,70.8,85
Ireland,Dublin,1996,408,3375800,22478,37410959.7,23.8,-4.4,9.1,-8.5,,653.78,,2.86,58.9,25.1,75.2,86.98
Ireland,Dublin,1997,466,3414285,24259,38752357.22,23.5,-3.7,10.1,-4.5,,348.25,,4.48,44.3,23.9,74.8,85.62
Ireland,Dublin,1998,498,3449415,26115,40650102.4,23.5,-4.2,10,-7.4,,390.29,,1,75.6,25.8,75.9,86.63
Ireland,Dublin,1999,424,3481871,28344,42377781.15,25.2,-5.4,10,-10.7,,253.23,,3.4,68.4,26.6,73.9,83.94
Ireland,Dublin,2000,463,3523376,28340,45193952.6,25.1,-6.9,9.5,-13.6,,1108.27,,4.7,68.4,26.1,73,83.04
Ireland,Dublin,2001,488,3573974,30536,47557354.23,26.2,-7,9.4,-12.4,,948.75,,4.75,61.2,27.1,72.1,82.73
Ireland,Dublin,2002,449,3639573,35154,46034585.94,22.5,-5.4,10,-7,,1282.28,,5,81.9,25.9,76.7,82.95
Ireland,Dublin,2003,454,3694079,44473,45639123.35,25.7,-4.9,10,-7.8,,927.59,,136.5,57.6,27.4,71.5,82.08
Ireland,Dublin,2004,464,3752679,51662,46129741.06,24.4,-6.3,9.9,-10.1,,912.09,,1,74.7,29.3,74.9,82.67
Ireland,Dublin,2005,451,3833357,55213,48104566.61,24.4,-3.1,10.1,-7.5,,627.1,100.8,,86.4,29.4,77.7,82.81
Ireland,Dublin,2006,452,3937578,58941,47550194.52,26.8,-5.5,10.3,-10.9,27,748.79,112,,73.8,28.4,74.2,81.71
Ireland,Dublin,2007,458,4026707,67032,47622946.16,22.3,-4,10.3,-7.6,,849.66,97.2,3.67,92.7,28.3,74,82.8
Ireland,Dublin,2008,506,4094192,67173,47300105.44,22.3,-6,9.5,-9.4,,1012.95,,,77.4,28,75.5,82.89
Ireland,Dublin,2009,527,4117667,57390,42108507.15,24.5,-6.5,9.6,-10.7,,969.47,109.8,5.32,68.3,29.3,74.9,84.95
Ireland,Dublin,2010,486,4264857,52042,41679517.5,23.1,-11.8,8.5,-18.3,,709.37,102.6,5.74,66.6,29.1,73.1,84.86
Ireland,Dublin,2011,554,4218849,56655,38009303.68,23.9,-5.5,10.1,-9.6,,735.69,104.4,1,66.7,29.3,74.8,83.29
Ireland,Dublin,2012,542,4220806,53443,38194753.69,23.1,-4.9,9.4,-8.1,,888,109.8,0,68.5,28.8,75.9,84.88
Ireland,Dublin,2013,487,4227378,56628,37182847.4,26.2,-4.6,9.6,-10.1,,577.92,115.2,1.73,70.9,18,72,82.71
Ireland,Dublin,2014,486,4328043,59634,36681624.84,24.1,-3.2,10.2,-7,,32.1,79.2,,82.2,9.6,71.2,83.47
Italy,Rome,1991,4453,54465500,22805,440094422.4,33.8,-2.7,15.5,-6.5,34.8,856.93,,,153.5,8.5,5.9,69.86
Italy,Rome,1992,4543,54154898,24297,439210414.2,35.8,-0.5,16.4,-4.2,39.4,875.29,,,59,8.4,13.1,69.43
Italy,Rome,1993,4697,54140523,19605,431600973.5,40.1,-3.7,15.9,-9.9,47.9,541.3,,0,61.2,8.7,31.1,72.76
Italy,Rome,1994,4536,54143049,20235,425490635.3,37.7,-4.6,16.7,-10.1,41.8,545.7,,,73.8,9.3,33.7,74.64
Italy,Rome,1995,4569,54141172,21625,451978906.6,35.9,-4.6,15.5,-7.1,39.8,186.6,,12.5,53.7,9.5,37.3,74.98
Italy,Rome,1996,4689,54150332,24172,444561573.8,34.1,-4.9,15.3,-9.5,37.9,0,,,52.2,9.3,40.5,76.94
Italy,Rome,1997,4694,54181477,22869,449465620.7,34.8,-0.8,16.3,-3.5,36.7,0,,,54.7,9.3,37,73.63
Italy,Rome,1998,4504,54250592,23342,460240327.6,37.7,-3.9,16.1,-6.3,40.3,1,,,112.6,9.3,33.4,75.78
Italy,Rome,1999,4115,54280527,23002,464601452.9,37,-2.9,16,-9.5,40.5,69.7,,2.91,59.4,9.3,34.8,77.34
Italy,Rome,2000,4108,54298946,21027,470767746.9,38.7,-4.7,16.3,-7.6,43.4,1304.39,,5,55.1,9.3,37,76.45
Italy,Rome,2001,4030,54333844,21392,476201869.1,36,-4.7,16.3,-10,39.4,1453.09,,,71.3,10.3,34.5,73.95
Italy,Rome,2002,4069,54526842,23227,477709338.5,35.8,-6.6,16.3,-13.3,42.1,2246.9,,1,59.4,9.7,40.4,75.44
Italy,Rome,2003,4075,54937570,28572,491480723.9,38.9,-3.9,16.9,-5.7,43.6,1458.52,,,53.8,9.9,32.8,69.19
Italy,Rome,2004,3986,54988156,32704,495527786,36.8,-4.8,16,-7.2,37.7,2053.19,,,56.9,9.4,41.7,73.2
Italy,Rome,2005,3742,55244690,33536,495234014.9,38.7,-3.7,15,-6.4,40.4,2102.67,,7,45.9,9.8,24.6,70.2
Italy,Rome,2006,3700,56180672,34578,489749969.4,36.2,-3.1,15.5,-4.3,40.7,975.74,,,37.2,9.5,15.9,74.21
Italy,Rome,2007,3757,56583578,38935,480491585.7,40,-4.1,15.8,-6.5,40.9,952.08,,,32.9,10.2,16.3,72.47
Italy,Rome,2008,3904,57009825,41935,468062059.9,34.7,-4.9,16,-6.7,37.2,1325.96,,,42.4,9.9,25.5,72.63
Italy,Rome,2009,3974,57351830,38101,415932393.3,37.8,-2.9,16.5,-7.8,41.1,1861.1,,,68.2,10.4,28.7,71.24
Italy,Rome,2010,3989,57637843,36869,424873161.2,38.1,-4.9,16.2,-7.7,48,1771.93,,,50.3,10.1,37.3,73.44
Italy,Rome,2011,4153,56610149,40210,413431505.5,37.9,-2.8,16.3,-4.9,37.4,1035.26,,,41.8,9.8,25.2,72.47
Italy,Rome,2012,4257,56795085,36497,391990364.4,38.8,-4.9,16.4,-7.4,38.8,926.34,,2.5,58.3,9.9,24.8,72.55
Italy,Rome,2013,4290,57503331,37050,363399902.1,37.7,-1.9,16,-4.6,42.6,1457.12,,,48,10.4,29.8,76.16
Italy,Rome,2014,4147,58100676,37035,348476240.1,33.8,-1.6,16.5,-6.5,35.5,2030.59,,,48.6,10,30.2,75.02
Japan,Tokyo,1991,19780,116802000,30688,1167040517,34.9,0.1,17.4,-4.3,40.7,2,,1,50,10.3,28.7,65.75
Japan,Tokyo,1992,20756,117311000,33320,1176942570,34.5,0.1,16,-6.8,40.2,0,,8.5,64.6,10.8,24.5,63.64
Japan,Tokyo,1993,20353,117735000,37832,1170196733,32.2,0.9,15.5,-3.3,36,20,,,94.3,11.7,25.5,63.46
Japan,Tokyo,1994,20744,118064000,41563,1225173421,37.4,-1.6,16.9,-6.4,43,713,,8.87,40.7,11.1,24.1,61.79
Japan,Tokyo,1995,21249,118349500,46043,1237852824,35.6,-0.9,16.3,-4.2,42.3,0,,,52.4,11,21.6,60.5
Japan,Tokyo,1996,21967,118785000,40693,1249875688,37.1,-0.9,15.8,-6.9,43.6,0,,3.25,54.7,9.8,21.9,63.05
Japan,Tokyo,1997,23280,119060000,37080,1243367132,35.8,-1.9,16.7,-8.5,41,7,,,46.1,9.8,21.5,63.22
Japan,Tokyo,1998,31458,119338000,33791,1203710533,34.6,-0.3,16.8,-6.7,42.2,0,,4.64,42.5,9.5,24.2,68.24
Japan,Tokyo,1999,31115,119540000,38164,1239840120,33.8,-1.3,17.1,-7.2,40.3,266.9,,3.39,42.9,11.3,22.5,62.79
Japan,Tokyo,2000,29989,119752660,40813,1262734462,35.9,0.1,16.8,-5.1,43,1704.9,,,46.9,11.4,21.8,60.35
Japan,Tokyo,2001,29132,120066000,35843,1248087424,37,-2.1,15.9,-7,46,1596.3,,,88.9,11.9,24.6,58.97
Japan,Tokyo,2002,29715,120189000,34239,1277236546,34.7,-0.1,16.7,-3.3,42.6,1340.4,,,48.2,11.8,22.2,59.64
Japan,Tokyo,2003,31881,120395000,36926,1285385412,33.4,-0.3,16,-4.9,38.4,1795,,,40.7,11.6,23.4,61.75
Japan,Tokyo,2004,30034,120500000,39960,1280036122,38.2,0.3,17.2,-5.2,39.8,1720.7,,,51.4,13.8,21.5,58.81
Japan,Tokyo,2005,30369,120657507,39412,1286856314,36.1,0.6,17.1,-4.4,40.8,0,,,40.7,9.8,56.6,61.38
Japan,Tokyo,2006,29769,120702000,37534,1262639452,35,-1.1,16.4,-6.7,40.8,1706.6,,,44.7,12.3,23.8,61.61
Japan,Tokyo,2007,30665,120704000,37408,1300051973,36.2,0.2,17,-5.1,44.9,1250.7,,,48.2,13.1,22.2,59.19
Japan,Tokyo,2008,30073,120602000,41773,1229245450,34.3,0.4,16.4,-4.6,40.8,1770.1,,,48.3,12.9,22.7,61.02
Japan,Tokyo,2009,30523,120496000,43415,1160203633,32.9,0.7,16.7,-4.2,38.9,1709.8,,,41.1,14,23.2,60.45
Japan,Tokyo,2010,29411,121127267,47059,1211572868,36.2,-0.3,16.9,-4.1,42.8,1481.5,,,51.8,14.5,23.8,61.15
Japan,Tokyo,2011,28766,120927000,50919,1261398590,35.1,-0.9,16.5,-5,40.6,1328.3,,,53.6,14.7,22.7,57.83
Japan,Tokyo,2012,26338,120735000,51379,1302082927,34.5,-0.8,16.3,-4,40.4,1487,,,57.2,15.5,23.7,61.73
Japan,Tokyo,2013,25991,120514000,42781,1314069572,37.3,-1.1,17.1,-5.5,48.2,1545.7,,,51.8,14.7,22.2,60.97
Japan,Tokyo,2014,24357,120274000,40328,1264173252,35,-0.6,16.6,-6.6,41.2,1737.5,,7.89,38.9,14.1,22.7,61.93
Mexico,Mexico City,1991,2103,74796300,4204,331374329.3,34.1,-2.7,17.5,-7.7,31.7,1789.57,,,105.4,11.8,52.2,57.44
Mexico,Mexico City,1992,2237,75285800,4830,334207995.5,29,3.1,16.8,1.4,28.2,1508.6,,,90,13.4,61,62.72
Mexico,Mexico City,1993,2342,76826800,6518,339472907.3,31.1,2.1,17.5,-2.4,29,6072.15,,,93.6,13.6,47.9,55.51
Mexico,Mexico City,1994,2588,78374100,6735,353238154.5,30,-0.9,16.8,-4.1,29.2,4913.39,,20.33,187.2,11.8,48.8,52.94
Mexico,Mexico City,1995,2877,79927100,4505,333009773.4,33,-2.9,17.3,-1.4,31.8,2155.9,,,71.9,11,54.1,56.31
Mexico,Mexico City,1996,3008,83802294,4904,347421995.2,33,-2.9,16.1,-5.1,30.7,1799.77,,55,85.3,10.7,47.5,52.18
Mexico,Mexico City,1997,3350,85340880,5864,370406386.2,30,-3.6,16.5,-3.4,28.3,2242.73,,,97.1,10.5,55.4,52.84
Mexico,Mexico City,1998,3312,86825678,6064,390179344.5,33.1,-5.9,17.4,-4.9,30.7,2479.68,,,64.8,9.1,44.4,51.44
Mexico,Mexico City,1999,3327,88271977,6800,392324454.4,31.8,-3.9,16.2,-4.3,29.6,1202.74,,2.93,101.8,9.3,48.2,51.05
Mexico,Mexico City,2000,3456,89694793,7892,397899666.1,32.1,-2.9,16.1,-4.3,30,1728.35,,,121.8,9.1,52,50.52
Mexico,Mexico City,2001,3760,91052714,8311,412627401.3,32.1,-1.6,16.1,-3.7,32.5,1976.09,,,130,13.9,58.7,56.5
Mexico,Mexico City,2002,3826,92394316,8357,413972575.8,33.1,-4.9,16.7,-7.4,33.1,7201.22,,,125.5,13.8,57,54.91
Mexico,Mexico City,2003,4070,93758859,7779,439786050,33,-1.9,16.9,-3.5,32.3,13337.82,,,56.7,13.5,58.5,56.56
Mexico,Mexico City,2004,4056,95193068,8217,440799635.4,31.1,-3.9,16.4,-4,30.5,15629.39,,99,58.5,14.1,61.7,58.55
Mexico,Mexico City,2005,4274,96730008,9071,465913628.4,37.1,-0.9,17.2,-2.9,37.1,11061.3,28.8,18,52.4,14,56.5,53.66
Mexico,Mexico City,2006,4230,98468839,9906,478803636.6,37.1,-3.9,16.5,-4.2,35.6,2346.25,36,,48.2,14,55.4,57.3
Mexico,Mexico City,2007,4285,100294297,10496,482325460.8,37.1,-1.9,15.3,-4.3,35.6,2834.65,162,,102.8,12.3,57.8,62.84
Mexico,Mexico City,2008,4642,102170587,10864,495305014.2,31.1,-3.9,15.1,-7.2,30.7,2300.45,,14,64.6,11,55.3,60.85
Mexico,Mexico City,2009,5023,104044342,8651,478389000.8,36.1,-4.9,16,-6,33.7,2837.1,32.4,,51.8,11.6,56,57.38
Mexico,Mexico City,2010,4858,105875861,9991,466090651.8,39.1,-5.9,14.9,-9.5,36.2,2177.29,28.8,,52.9,11.5,55,58.21
Mexico,Mexico City,2011,5558,107655100,10965,486503210.3,38.1,-3.9,16.5,-4,36.4,2573.26,28.8,46,44.3,11.6,47.9,54.49
Mexico,Mexico City,2012,5381,109368765,10982,498658522,34.1,-1.9,16,-4.9,33.2,1996.54,28.8,,43.6,11.6,56.6,59.5
Mexico,Mexico City,2013,5711,111036708,11478,492559728.7,38.1,-5.9,16,-11.2,35.6,2709.34,39.6,,102.4,10.9,54.4,61.96
Mexico,Mexico City,2014,6178,112692589,11663,482527892.6,34.1,-2.9,17.3,-2.8,31.6,3472.9,39.6,270,74.8,10.9,58.3,58.59
Netherlands,Amsterdam,1991,1611,14114800,22906,170819825.4,31.4,-13.2,9.6,-20.9,33,358.8,,,70.5,14.4,61.5,85
Netherlands,Amsterdam,1992,1587,14216900,25205,170654887,29.8,-6.3,10.7,-12.1,31.5,492.6,,,70.4,15.7,62.6,83.99
Netherlands,Amsterdam,1993,1555,14313600,24385,170796225.4,26.9,-8.5,9.7,-14.8,27.3,495.6,,,92.2,15.8,64,85.85
Netherlands,Amsterdam,1994,1584,14397700,25997,171398399.4,32.4,-7.6,10.7,-17.9,33.3,616.9,,,79.8,16.1,63.8,83.39
Netherlands,Amsterdam,1995,1511,14474000,30850,173032706.8,32.2,-9.6,10.5,-16.1,32.4,355.4,,,68.4,17.1,64.1,82.99
Netherlands,Amsterdam,1996,1577,14553700,30625,182473197.5,32.7,-11.6,8.6,-20.5,32.9,321.53,,,97.9,16.9,66.6,81.97
Netherlands,Amsterdam,1997,1572,14639900,28156,175292382.2,32.2,-13.6,10.2,-17.7,31.4,304.85,,,46.4,17.1,66.1,83.68
Netherlands,Amsterdam,1998,1519,14734600,29351,176402161,31.4,-7.8,10.6,-11.8,30.4,753.21,,,75.6,17.4,65.5,84.27
Netherlands,Amsterdam,1999,1519,14832000,29799,170991277.1,30.9,-8.2,11.2,-11.5,29.1,350.3,,3.15,72,18.8,57.9,82.39
Netherlands,Amsterdam,2000,1501,14933235,27644,171935801.2,32.6,-4.6,11,-9.4,33.7,1045.2,,,75.6,17.1,59.6,84.24
Netherlands,Amsterdam,2001,1474,15038337,28366,177079434.6,31.5,-6.4,10.6,-9.7,32.9,1297.32,,,68.4,18.5,61.2,83.37
Netherlands,Amsterdam,2002,1570,15130318,30757,176374898.4,31.2,-7.6,10.9,-15.9,31.3,1029.48,,,86.4,18.1,57.5,81.69
Netherlands,Amsterdam,2003,1502,15203397,37614,179824198.7,33.1,-8.9,10.7,-15.8,32.8,686.32,,,57.6,15.2,47.6,78.95
Netherlands,Amsterdam,2004,1514,15265861,42614,181453315.9,32.1,-7,10.7,-9.3,31.6,1003.27,,,79.2,16.6,57.1,80.82
Netherlands,Amsterdam,2005,1574,15320595,44289,177530881.5,31.3,-15.2,10.9,-18.9,31,933.53,100.8,,64.8,17.2,53.4,81.64
Netherlands,Amsterdam,2006,1525,15368697,47281,172736702.3,33.3,-6.7,11.3,-10.6,32.8,1003.84,97.2,,68.4,17.9,56.3,79.47
Netherlands,Amsterdam,2007,1354,15425404,54418,172600460.5,28,-6.7,11.4,-10.2,28.8,1069.2,111.6,,85.3,18.7,54.5,81.49
Netherlands,Amsterdam,2008,1439,15506963,60375,175519219.7,28.9,-6.9,10.8,-10.5,30.2,967.35,3.6,,68.4,20.9,53.6,81.03
Netherlands,Amsterdam,2009,1530,15602176,54988,170180412.3,31.2,-8.1,10.7,-12.7,32.7,733.75,104.4,,57.6,19.8,53.8,80.18
Netherlands,Amsterdam,2010,1604,15691409,53302,182179635.6,32.9,-12.8,9.2,-17.3,32,760.85,90,150,57.6,18.4,58.1,80.91
Netherlands,Amsterdam,2011,1650,15772162,56667,169118699.9,31.7,-6.1,11,-10.9,34.5,738.45,90,,61.2,17.2,54.2,80.46
Netherlands,Amsterdam,2012,1756,15839503,52334,164948743.6,31.6,-16.8,10.4,-19.7,32.5,1005.03,90,,64.8,20,59.2,81.33
Netherlands,Amsterdam,2013,1856,15899508,54510,164757276.7,30.8,-9.2,9.9,-14.3,32,790.59,111.6,,82.8,20.4,57.3,79.81
Netherlands,Amsterdam,2014,1839,15899508,55325,157347061.5,33.1,-2,11.9,-8.2,32.9,864.67,32.4,,61.2,8.9,33,81.74
Norway,Oslo,1991,675,3972600,30678,34069334.14,30.9,-18.9,6.2,-20,30.2,368.55,,50.42,52.5,14.1,43.9,77.4
Norway,Oslo,1992,616,3989800,32793,34831892.59,28.4,-12.7,6.7,-20.4,27.2,593.1,,15.36,63.9,14.2,43.4,76.37
Norway,Oslo,1993,590,4010500,30066,36531562.52,25.5,-19.1,5.8,-20.6,,222.58,,26.32,120.2,14.1,46.2,75.45
Norway,Oslo,1994,531,4033300,31520,38445957.49,29.8,-26.4,6.3,-30.6,28.8,219,,43.29,131.4,12.7,50.2,76.8
Norway,Oslo,1995,548,4055900,37483,38477220.08,28.9,-22.4,6.4,-23.6,28.6,5,,14.65,153.7,12.4,51.8,76.57
Norway,Oslo,1996,517,4078000,40098,41593833.8,27.4,-20.3,5.7,-23.5,26.8,0.1,,23.04,118.4,14.4,56,77.83
Norway,Oslo,1997,533,4102100,39335,41698909.6,30.1,-19.4,7.6,-19.7,29.5,3,,10.66,135.4,24.4,56.4,74.95
Norway,Oslo,1998,548,4129400,37334,41956663.25,23.8,-17.1,6.8,-18.4,,5.15,,7.51,140.8,23.8,64.4,79.33
Norway,Oslo,1999,583,4159745,39013,42709488.72,27.7,-20.1,6.6,-26,27,579.24,,5.93,120.2,22.6,61.8,79.84
Norway,Oslo,2000,541,4168315,41099,42215884.96,25.5,-18.9,7.3,-22.8,,3233.02,,6.3,76,21.5,61.3,76.89
Norway,Oslo,2001,549,4215103,41281,43559843.15,28.3,-24.9,5.7,-31.5,27.8,2363.79,,14.19,74.2,21,56.6,75.16
Norway,Oslo,2002,494,4243689,46049,42667047.64,27.8,-19.5,6.4,-25.1,27.8,1903.94,,12.56,53.6,26.2,48.7,75.18
Norway,Oslo,2003,502,4273124,53533,43921782.2,29.6,-19.5,6.6,-25.2,28.8,1701.87,,22.26,44.1,33.5,40.3,73.07
Norway,Oslo,2004,529,4301960,61450,44337010.57,31.1,-15.5,7,-22,29.7,2328.19,,22.94,59.4,31.6,40.1,71.33
Norway,Oslo,2005,533,4335092,71215,43560708.06,31.3,-20.9,7.3,-25.6,30.3,2159.39,,5.32,55.2,25.7,28.5,70.8
Norway,Oslo,2006,532,4372103,79007,43923347.59,29.1,-15.7,7.2,-20.2,28.2,2416.39,7.6,33.18,114.8,33.5,19.5,75.85
Norway,Oslo,2007,485,4417369,90797,45851890.6,30.3,-14.3,6.8,-22.4,28.8,2417.47,,17.34,72.4,44.9,16.4,72.89
Norway,Oslo,2008,505,4472089,103431,44903022.1,30.4,-13,7.3,-18.2,28.9,1940.3,,8.45,98.3,46.9,10.7,73.34
Norway,Oslo,2009,573,4527536,85394,43205403.59,31.7,-16,6.3,-21.4,30.3,1850.63,,42.69,44.4,46.5,10.8,75.01
Norway,Oslo,2010,548,4582885,93638,45823277.24,25.3,-19.2,4.4,-25.3,,1457.51,,31.04,35.7,46.8,9.1,74.99
Norway,Oslo,2011,598,4643300,107430,44982556.87,26.7,-17.3,7,-23.6,26.6,1670.94,,36.13,76,48.9,9.3,76.3
Norway,Oslo,2012,515,4706585,108408,44560819.66,28.9,-17.4,6.1,-24,27.7,1590.04,,15.57,94.3,49.8,11.2,76.03
Norway,Oslo,2013,554,4767605,109804,44302653.91,27.9,-16.4,6.4,-22.7,27.3,1371.26,80.5,40.05,96.5,48.4,13.5,75.59
Norway,Oslo,2014,548,4827178,103443,43952663.34,31.3,-20,7.9,-18.9,30.6,1372,70,11.25,36,44.9,12.7,76.66
Philippines,Manila,1992,347,55304684,958,48293804.82,36.1,1.1,28,-4.3,49.7,2824.31,,,87.1,7.1,63.6,75.16
Philippines,Manila,1993,846,56781569,957,48929190.41,37.8,1.1,27.9,-1.4,51.2,3040.14,,,64.8,6.7,70.7,76.57
Philippines,Manila,1997,814,62772694,1312,70062609.86,36.1,20.1,27.8,,52.5,2951.2,,,134.7,7.4,73,76.53
Philippines,Manila,1998,883,64252614,1124,68252959.29,38.1,20.1,28.6,,48.1,2967.74,,,93.6,7.7,72.2,76.88
Philippines,Manila,1999,1043,65740201,1262,68176638.31,35.1,1.1,27.5,,44.3,965.35,,2.14,64.8,7.9,79.1,78.85
Philippines,Manila,2000,1403,67243482,1205,72346435.42,36.1,18.4,27.8,,44.1,5240.66,,,64.3,8.6,76.3,75.78
Philippines,Manila,2001,1204,68738092,1109,70304563.22,36.1,20.1,27.9,,43.8,3481.31,,,65.2,9.7,72.6,76.12
Philippines,Manila,2002,1301,70256443,1158,70155141.92,36,19.1,27.8,,45.6,3227.8,,,128,9,70.7,75.73
Philippines,Manila,2003,1544,71781489,1169,70214684.86,36.3,18.5,27.8,,46.1,2672.19,,,81.3,8.8,69.8,71.39
Philippines,Manila,2006,1788,76435755,1599,66521913.38,36.1,19.1,28.1,,44.2,3466.73,,,95.2,9.3,68.2,79.01
Philippines,Manila,2007,1698,78008654,1915,70764075.09,38.9,20,28.2,,54,3705.12,,,85.3,9.3,69,76.97
Philippines,Manila,2008,1820,79595888,2188,77299991.63,35.3,20,27.9,,45.7,3351.58,,,63.1,9.2,71.1,80.21
Philippines,Manila,2009,2074,81193855,2073,75767071.76,36.3,19.3,27.8,,48.1,4979.23,,,74.6,9.1,73.2,82.57
Philippines,Manila,2010,2116,82760992,2412,82932929.78,38,20.1,28.6,,50.9,3422.6,,,83.8,9.5,67.1,78.45
Philippines,Manila,2011,2449,84201767,2662,83534839.91,38.1,20.1,27.8,,46.5,4853.75,,,72,9.8,73.6,77.04
Poland,Warsaw,1991,5316,35396300,2416,373378200.5,32.1,-20.4,8,-26.3,33.6,197.3,,13.21,72,10.4,49,80.54
Poland,Warsaw,1992,5713,35605400,2650,363718927.6,37.1,-15.9,8.8,-21.2,36.2,221.9,,4.68,57.6,10.8,46.2,79.38
Poland,Warsaw,1993,5624,35792600,2683,364565344.4,33.1,-16.9,7.8,-25.1,32.3,73.6,,,61.2,9.2,40,80.04
Poland,Warsaw,1994,5519,35960000,3081,359611076.8,36.1,-17.9,9.4,-29,35.9,1.1,,,57.6,9.3,40.9,81.92
Poland,Warsaw,1995,5499,36104900,3937,361303851,32.1,-19.9,8.6,-24.9,33.6,0,,,46.8,9.4,40.5,83.73
Poland,Warsaw,1996,5446,36243300,4413,375304644.6,32.1,-21.9,7,-28.7,31.3,0,,,46.8,9.1,44.8,80.07
Poland,Warsaw,1999,5779,36575200,4640,327652449.7,32.2,-16.6,10,-25.7,33.4,102.2,,4,54,15.8,64.3,78.38
Poland,Warsaw,2000,5841,36233344,4744,317097260.4,34.7,-15.4,9.7,-19.3,33.5,776.7,,2.73,86.4,16.5,65.1,78.66
Poland,Warsaw,2001,5855,36295390,5249,313545668.9,33.9,-16.9,8.3,-27,35.2,588.4,,5.55,50.4,14.8,69.5,82.2
Poland,Warsaw,2002,5925,36347498,5466,305730543.5,32.3,-20.6,9.3,-26.2,32.7,550.4,,6.66,72,14.8,63.8,78.41
Poland,Warsaw,2003,5836,36353775,5983,318415559.2,31.7,-22.1,8.3,-27.4,32.8,470.9,,10.68,46.8,14.6,63.2,78.02
Poland,Warsaw,2004,6072,36371596,7014,322538948.6,31.8,-15,8.4,-21.8,31.5,493.9,,6.63,87.4,14,67.4,76.17
Poland,Warsaw,2005,6045,36371365,8417,321668846.1,33,-19.4,8.7,-27.5,34.1,454.8,,8.48,71.9,12.6,57.3,74.09
Poland,Warsaw,2006,5805,36348232,9485,334622822.1,34.3,-26.8,9,-34.3,32.4,452.8,,20.47,48.2,9.9,48.2,76.55
Poland,Warsaw,2007,5284,36310843,11816,334365693.2,35,-15.1,9.7,-21.8,34.5,661.2,,7.22,117.4,10.7,52.2,78.92
Poland,Warsaw,2008,5682,36262711,14721,327448211.3,30,-13,9.8,-24.3,31,479.4,,2.24,64.8,11.1,49.4,77.88
Poland,Warsaw,2009,6477,36223402,12141,314144580.2,30.5,-22,8.8,-25.2,32.2,600.1,,6.98,72.1,10.6,49.6,77.77
Poland,Warsaw,2010,6357,36027791,13304,332130710.9,35,-22.7,8,-30,36.8,707.5,,23.91,64.2,10.3,50.1,79.54
Poland,Warsaw,2011,6113,36008237,14686,331694639.5,31.5,-17.2,9.1,-23,33.1,563,,7.45,129.6,10.7,44.3,78.63
Poland,Warsaw,2012,6368,36013446,13894,324216621.4,34.6,-23,8.9,-28,35.7,496.6,,4.94,89.8,14.1,56.2,76.2
Poland,Warsaw,2013,6218,36023694,14552,319911258.7,37.1,-15.6,9.1,-22.5,37.5,112.5,68.4,11.02,64.1,9.4,47.2,78.64
Poland,Warsaw,2014,5934,36059630,15119,307555126.8,33.6,-18,10,-28.1,32.7,0,50.4,,47,8,36.3,78.6
Portugal,Lisbon,1991,942,9410507,9483,47206212.67,42.1,2.1,16.7,-0.3,38.9,468.7,,50,47.1,10.5,28.5,66.81
Portugal,Lisbon,1992,866,9401557,11445,51458520.14,39.1,3.1,16.7,0.9,39.3,210.5,,,51.8,10.5,27.1,69.49
Portugal,Lisbon,1993,780,9410082,10098,50070049.5,39.1,0.1,16.2,-2.5,39.3,399,,,51.8,10.5,33.8,75.23
Portugal,Lisbon,1994,762,9436009,10566,50820363.17,36.1,1.8,16.8,-0.8,35.5,351.4,,,57.2,10.9,36,75.29
Portugal,Lisbon,1995,809,9473844,12469,54790936.81,41.1,3.1,17.9,0.1,41.1,455.7,,,46.4,11,38.5,70.78
Portugal,Lisbon,1996,653,9515960,12887,52098076.4,35.5,3.1,16.9,0.6,36,550.8,,,48.2,11.2,38.8,75.67
Portugal,Lisbon,1997,628,9564579,12237,55108776.84,35.3,3.9,17.9,2.3,36.8,423.24,,,46.4,11.4,43,75.36
Portugal,Lisbon,1998,556,9617110,12892,59597616.69,37.5,1.9,16.8,-3,37.8,202.29,,,38.9,12.1,37.1,72.62
Portugal,Lisbon,1999,545,9671357,13180,67223504.65,35.9,2.6,16.6,1.4,36.4,300.7,,2.42,37.4,13.2,38.9,73.36
Portugal,Lisbon,2000,524,9740085,12152,66044345.51,36.9,2.3,16.6,-0.1,37.6,923.49,,,47.3,12.5,41,73.5
Portugal,Lisbon,2001,761,9809536,12391,65704175.79,35.5,2.6,16.6,-2.5,34.7,739.63,,,47.8,12.6,38.4,73.84
Portugal,Lisbon,2002,1210,9859832,13614,69556728.46,36.2,5.7,16.8,3.2,34.6,916.27,,,46.5,12.7,14,71.75
Portugal,Lisbon,2003,1156,9895009,16671,64437188.19,41.6,1.8,17.2,-2.5,40.1,853.04,,,51.4,12.3,9.9,68.21
Portugal,Lisbon,2007,1020,10005713,24003,62270128.78,39.5,3.6,16.8,-1.2,38.1,452.94,72,,45.9,11.6,6.1,71.6
Portugal,Lisbon,2008,1038,10030640,26121,59923525.13,34.5,5.3,16.7,2.9,35,653.32,,,45.8,11.3,6.2,71.33
Portugal,Lisbon,2009,1025,10049918,24254,57077123.09,35.4,1.3,17.5,-2,33.7,751.86,86.4,20,53.7,11.2,7,67.92
Portugal,Lisbon,2010,1099,10066628,23673,52881799.72,38.7,-2.3,17.2,-6.2,47.1,1067.18,97.2,,81.5,11.1,8.2,71.38
Portugal,Lisbon,2011,1017,10062815,24337,51701800.43,36.2,4.1,17.6,-1.2,37.4,761.58,95.9,,46.9,10.8,5.6,70.66
Portugal,Lisbon,2012,1076,10029396,21573,49877899.43,36.3,2.8,16.8,-1.9,36.8,640.05,75.1,,39.6,11,5.5,69.89
Portugal,Lisbon,2013,1052,9985074,22641,48081942.95,38.6,2,16.9,0.9,39,744.77,94.1,,49.8,11,9.8,70.64
Portugal,Lisbon,2014,1222,9944433,23091,47955777.37,34.1,2.3,16.2,-2,33.7,607.06,72,,68.2,10.5,18.4,76.03
Romania,Bucharest,1991,2161,21458000,1351,140966758.5,32.8,-17.5,10.3,-24.3,35,1429.7,,19.32,68.9,9.1,47.7,84.66
Romania,Bucharest,1992,2650,21227100,1183,130286047.4,38,-13.7,11.2,-17.5,37.9,825.54,,7.06,236,10.4,38,75.67
Romania,Bucharest,1993,2774,21307600,1237,121627189.6,38.1,-17.3,10.5,-22.7,41.5,1026.83,,18.35,266.6,10.3,39.7,76.61
Romania,Bucharest,1994,2887,21386000,1406,119670747.5,37,-17.6,12.5,-31.9,40.2,1181.87,,4.57,266.7,10.5,43.5,74.83
Romania,Bucharest,1995,2793,21451300,1756,124836930.8,36.5,-16.9,11.2,-20,35.8,1564.26,,11.25,75.6,9.8,52.1,75.71
Romania,Bucharest,1996,2828,21397300,1738,128277631.7,37.8,-15.3,10.3,-24.4,40.9,416.1,,8.2,71.3,10.6,54.3,77.61
Romania,Bucharest,1997,2859,21369000,1677,119265891.7,37,-18.9,10.6,-23.9,39.7,2403.81,,8.68,115.2,9.7,51.9,76.13
Romania,Bucharest,1998,2838,21338400,1967,104755659.1,38.4,-19.9,11.2,-24.5,38.2,698.43,,10.74,86.4,9.3,44.5,74.76
Romania,Bucharest,1999,2736,21310800,1698,88682298.25,36.1,-12.9,11.9,-14.3,40.9,392.18,,4.06,79.9,9.2,45.9,79.43
Romania,Bucharest,2000,2836,21290400,1758,93538381.76,41.1,-19,12.3,-26.3,40.9,625,,11.39,281.2,9,37.7,72.07
Romania,Bucharest,2001,2720,21272887,1914,98877063.45,37.1,-12.3,11.9,-20,37.2,938.33,,6.13,55.2,9.3,42.3,71.55
Romania,Bucharest,2002,3067,20700580,2231,99151878.22,38,-24.5,11.9,-24.3,40.6,969.65,,10.9,54,8.9,47,70.49
Romania,Bucharest,2003,2894,20656841,2898,103576693,37,-18.5,11.2,-22.1,36,578.2,,7.61,54,8.3,39.9,72.05
Romania,Bucharest,2004,2720,20610767,3698,102874430.1,34.3,-19.1,11.2,-23.3,36.2,717.6,,5.66,45.4,8.5,39.5,76
Romania,Bucharest,2005,2603,20569960,4847,100966617.1,35.8,-22.5,11,-23.6,39.4,1095.6,36,12.88,43.9,8.3,43.4,77.29
Romania,Bucharest,2006,2721,20526561,6018,104130559.8,36.8,-18.2,11.6,-28.5,38.5,537.3,43.2,3.8,48.2,8.4,40.4,73.93
Romania,Bucharest,2007,2430,20475026,8593,108559692.9,40.3,-11.9,12.4,-14.9,40.5,466.4,46.8,1.58,38.9,8.8,43.9,67.77
Romania,Bucharest,2008,2472,20433803,10454,105365397.6,37.9,-14.1,11.8,-17,36.5,338.5,,14.37,38.2,9,46.9,71.24
Romania,Bucharest,2009,2586,20390882,8465,87205422.53,35.9,-15.1,11.7,-17.5,35.8,574.2,57.6,9.59,32.7,8.7,49,71.92
Romania,Bucharest,2010,2766,20348649,8190,83551258.13,36.1,-24.3,11.1,-29.6,36.8,650.5,50.4,12.5,34.8,8.3,51.4,75.34
Romania,Bucharest,2011,2536,20291701,9086,89343217.71,35.9,-16.7,10.8,-18.9,36.9,418.6,75.6,9.83,31.9,8.4,44.8,73.82
Romania,Bucharest,2012,2495,19041594,9015,86320925.39,40,-23.5,11.8,-27.7,39.3,727.38,79.2,21.51,41.7,8.6,41.2,73.53
Romania,Bucharest,2013,2407,19003345,10080,76829198.18,36.8,-15.3,12.4,-17.1,36.4,177.4,61.2,5.06,44.7,7.1,32.3,72.92
Romania,Bucharest,2014,2209,18952235,10526,77160487.22,36.4,-16.4,12.3,-25.4,38.7,373.8,46.8,2.33,48.7,7,39.3,76.87
Singapore,Singapore,1991,296,2559300,17768,45049407.64,33.1,22.1,27.5,,42.5,1955.1,,,35.3,10.6,72.6,83.16
Singapore,Singapore,1992,277,2604000,20029,48212663.64,33.7,4.1,27.4,0.9,42.3,5671.7,,,94.3,11.5,69.6,83.36
Singapore,Singapore,1993,270,2655800,22835,50871112.83,33.1,4.1,27.5,0.1,44.3,1418.4,,0,42.5,10.1,64.1,83.58
Singapore,Singapore,1994,316,2712200,27202,61344561.04,34.1,21.1,27.7,,42.5,524.2,,,33.5,9.7,71.8,83.24
Singapore,Singapore,1995,364,2765300,31783,41841788.29,34.1,22.6,27.8,,44,2811.6,,,50,12,81.2,84.17
Singapore,Singapore,1996,239,2823100,34148,49349249.79,34.1,22.7,27.6,,44.3,3037.6,,,50,12,78.9,83.3
Singapore,Singapore,1997,303,2880000,34779,58071754.09,35.1,22.1,28.3,,43.7,1248.9,,,37.1,10.8,78.3,79.57
Singapore,Singapore,1998,328,2940200,29150,48356410.64,35.2,22.9,28.4,,45.9,3025.9,,,38.9,11.7,83.2,82.42
Singapore,Singapore,1999,277,2997100,28789,49870518.41,34.5,22.1,27.6,,42.6,1942.1,,2.03,35.3,10.9,85.6,80.9
Singapore,Singapore,2000,309,3047600,31446,48856301.08,35,21.4,27.8,,44.5,2624.2,,,36,10.3,84.2,81.05
Singapore,Singapore,2001,305,3103000,28774,49442096.38,34.1,21.3,27.7,,45.6,2966.4,,,55.6,11.1,83.7,81.36
Singapore,Singapore,2002,321,3165200,29048,47172700.62,34.8,22.8,28.2,,44.2,1983.5,,,35.1,10.5,83.9,80.9
Singapore,Singapore,2003,320,3226200,30067,31092573.18,34.8,22.3,28,,42.7,2421.2,,,30.5,10.2,84.1,81.89
Singapore,Singapore,2004,335,3281400,34799,28450960,35.1,22.1,28,,51.4,2115.2,,,30.6,10.1,84.2,81.02
Singapore,Singapore,2005,359,3342400,38122,30334256,35,22.6,28.1,,41.8,2103.8,,,34.9,10.5,84.2,80.27
Singapore,Singapore,2006,372,3411900,43318,30773936,34.6,23,27.9,,44.7,2741.6,,,33.4,10.1,86.8,82.77
Singapore,Singapore,2007,328,3389600,53098,19910176,34.4,22.2,27.7,,42.8,2854.6,,,35.3,10.6,86.1,82.27
Singapore,Singapore,2008,319,3448900,55735,36105056,33.6,22.1,27.7,,42.5,2212.1,,,27.7,10.6,85.2,82.46
Singapore,Singapore,2009,349,3536100,54413,55886992,34.4,23.1,28.2,,43.7,1900.8,,,34.8,10.3,84,81.95
Singapore,Singapore,2010,296,3576800,66099,55597536,35.3,23.1,28.3,,45.5,2025.9,,,32.5,10.3,85,80.51
Singapore,Singapore,2011,308,3600900,76638,45184448,35.4,22.1,27.9,,43.1,2487.7,,,32.4,10.4,86.1,81.57
Singapore,Singapore,2012,392,3631600,80040,36343216,34.4,22.1,28,,42.4,2078.4,,,25.9,10.3,85.5,80.56
Singapore,Singapore,2013,357,3661456,83151,55630512,35.4,21.9,28.1,,42.8,975.2,,,31.7,9.5,85,79.76
Singapore,Singapore,2014,355,3689370,84442,56326672,34.8,22.3,28.3,,42.3,0,,,31.9,9.2,85,77.73
South Africa,Pretoria,1996,143,37773652,3908,363486466.9,32.8,-2.9,16.3,-7.6,32.4,1856.08,,,48.2,12.9,38.1,67.43
South Africa,Pretoria,1997,104,38528157,3960,385120690.8,36,-1.4,17,-7.3,34.7,1884.68,,,112.9,12.7,33.4,66.63
South Africa,Pretoria,1998,180,39232468,3512,376776275.9,35,-2.9,17.9,-7.6,33.1,1525.11,,,47,12.3,27.3,58.61
South Africa,Pretoria,1999,279,39907560,3424,374317561.2,36.1,0.1,17.6,-6.1,34.6,936.31,,3.15,44.7,12.8,29,59.52
South Africa,Pretoria,2000,267,40568559,3361,377730906,34,-2.9,16.7,-12.4,31.8,2171.39,,,54,12.1,34.3,66.68
South Africa,Pretoria,2001,384,41185599,2953,371140576,37,-1.9,17.7,-6.3,35.1,1321.75,,,46.4,12.8,30.2,62.97
South Africa,Pretoria,2002,236,41803868,2769,355454058,35.1,-0.9,17.9,-5.5,33.1,1038.8,,,37.1,13.1,29.2,59.61
South Africa,Pretoria,2003,256,42415309,4132,403235268,37,-4.9,17.7,-11.2,34.7,1175.4,,,48.2,13.9,21.8,53.08
South Africa,Pretoria,2004,383,43005874,5323,448539068,34.8,-1.9,16.7,-6.5,33.7,1846.8,,,75.6,15.3,23.5,58.1
South Africa,Pretoria,2005,458,43566107,5914,415050850,35.3,0.2,17.1,-3.2,33.1,977.29,,,161.7,15,10.2,57.06
South Africa,Pretoria,2006,514,44079057,6166,445708664,35.3,-1.7,15.8,-5.8,32.9,1153.46,,,77.9,15,11.4,59.58
South Africa,Pretoria,2007,417,44577435,6708,463975000,35.1,-1,17.3,-7.6,32.8,933.38,,,48.1,15.2,8,50.71
South Africa,Pretoria,2008,441,43680586,6573,494127156,36.1,-0.2,17.3,-5.3,33.7,929.32,,,67.1,14.9,8.8,56.23
South Africa,Pretoria,2009,372,45607048,6517,501376938,34.3,-0.1,17,-6.2,32.2,1190.36,,,49.1,15.1,11.3,57.54
South Africa,Pretoria,2010,393,46176200,8128,472482580,36.1,-2.7,17.9,-6.6,33.4,1086.39,,,35.9,12.5,18.6,57.17
South Africa,Pretoria,2011,358,46806739,8906,468927239.3,36.6,-0.2,17.5,-5.1,33.8,677.37,,,33.8,11,25.5,53.61
South Africa,Pretoria,2012,487,47484256,8347,467080646.4,35.5,0.1,17.8,-4.5,34.3,835.65,,,76.5,10.9,20.2,51.11
South Africa,Pretoria,2013,587,48192699,7612,464619057,37.8,-1.6,17.8,-2.6,35.9,539.43,57.6,,77.7,11.3,19,51.94
South Africa,Pretoria,2014,580,48912129,7174,488006183.8,35,0,17.4,-4.2,32.4,1251.42,98.3,,70.7,13.4,15,53.73
Spain,Madrid,1991,2916,36958100,15574,241464996.6,39.8,-6,13.8,-9.8,38.1,487.17,,,114.5,11,33,59.9
Spain,Madrid,1992,2786,37000900,17005,250326924.4,38.1,-6.4,13.7,-7.7,37.5,306.48,,9,122.1,11.3,30.1,59.63
Spain,Madrid,1993,3037,37122100,14106,241817825.8,40.1,-6,13,-8.9,41.6,168.55,,6.33,64.8,11.1,34.9,63.22
Spain,Madrid,1994,3171,37203100,14223,254234048.2,39.1,-6.9,15.1,-9.5,39.9,66.95,,17.68,85.1,12.3,34.7,61.55
Spain,Madrid,1995,3157,37275300,16444,267832186.9,40.5,-4.9,15.7,-9.5,41.6,99.93,,11.83,92.5,12,39.2,59.07
Spain,Madrid,1996,3320,37341200,17166,255447995.9,38.1,-3.3,15,-7.1,39.4,102.6,,97.04,50.5,11.4,41.1,60.72
Spain,Madrid,1997,3373,37405000,15738,268058721.8,37.2,-2.9,15.8,-7.3,36.3,155.29,,49.93,59.4,11.1,42.8,61.2
Spain,Madrid,1998,3261,37458900,16473,276635970.8,38.1,-5.9,14.8,-9,35.9,83.35,,20,48.1,11.4,37.1,60.43
Spain,Madrid,1999,3220,37789271,16756,300176561,39.2,-7.9,14.6,-10.8,37.2,183.98,,3.6,53.8,11.6,36.4,58.13
Spain,Madrid,2000,3394,38319996,15538,311926058.9,37.3,-3.7,14.4,-5.2,35.3,622.25,,19.5,54.2,11.1,36.1,59.4
Spain,Madrid,2001,3189,38713504,16169,313891993.7,37.3,-9.2,14.5,-11.9,35.6,473.97,,10,47,11.4,38.3,59.63
Spain,Madrid,2002,3372,39340611,17924,334007115.6,37.6,-2.7,14.3,-4.3,35.4,594.38,,,48.3,11.2,41.4,63.01
Spain,Madrid,2003,3478,39947556,22701,337979232.9,39.6,-6.6,14.9,-8.4,36.8,645.6,,3,50.7,11.4,36.7,58.93
Spain,Madrid,2004,3508,40555823,26372,354285655.6,38.3,-4.9,14,-8.8,36.5,611.91,,,43.9,11.2,31.9,58.69
Spain,Madrid,2005,3399,41195479,28092,368964132.6,38.7,-9,14.5,-13.2,36.1,386.59,,,53.8,12.6,26.7,51.78
Spain,Madrid,2006,3247,41808848,30246,360279239.6,37.8,-6.5,15.3,-9.8,35.5,737.82,,1,54.3,16.2,36,56.62
Spain,Madrid,2007,3264,42547327,34769,368133603,38.8,-5.8,14.1,-9.5,36.3,602.5,88.9,2,58.2,16.6,33,57.3
Spain,Madrid,2008,3457,43199484,37848,336490118.5,38.6,-5.1,14.3,-8.9,37,750.79,,,50.8,17.7,36.9,58.41
Spain,Madrid,2009,3429,43490086,34470,297248141,37.7,-7.9,15.3,-11.1,35.6,519.06,85.3,5,54.4,18.3,31.4,54.08
Spain,Madrid,2010,3158,43595356,32839,283877489.7,37.6,-5.5,14.2,-8.4,36.5,911.83,88.9,,52.5,18.1,37.2,59.8
Spain,Madrid,2011,3180,43642571,34097,284594749.3,38.9,-5,15.3,-9.4,39,522,81.4,,48.5,18,30.9,58.77
Spain,Madrid,2012,3539,44318859,30146,279271283.7,40.4,-6.2,14.7,-9.4,39.1,432.65,76,2,49.5,18.3,29.5,54.48
Spain,Madrid,2013,3873,44227625,30792,252682710.7,38.5,-4.2,14.6,-7.1,37.8,281.1,92.5,,47,13.8,28.7,60.86
Spain,Madrid,2014,3911,44172771,31171,255195739,37.8,-4.6,15.8,-6.8,35.2,0,,,53.2,9.6,25.6,58.49
Sweden,Stockholm,1991,1483,8041100,33623,57713493.44,30,-14.8,6.9,-18.3,31.8,493.6,,,46.4,9.3,43.3,84.59
Sweden,Stockholm,1992,1355,8073200,34721,57447091.7,27.9,-12.9,7.4,-14.9,27.5,335.58,,,51.8,9.6,37.2,76.21
Sweden,Stockholm,1993,1373,8112500,25880,57395714.04,27,-15.9,6.2,-19.9,26.2,77.2,,,57.2,9.6,41.1,74.47
Sweden,Stockholm,1994,1324,8174100,27658,59845492.34,33.1,-25.9,7.1,-23.4,32.3,2.3,,,57.2,9.6,40.4,74.1
Sweden,Stockholm,1995,1348,8233000,32072,59276126.28,29,-20.9,6.3,-28.3,28.9,16.7,,,66.6,9.5,40.6,77.57
Sweden,Stockholm,1996,1253,8274300,34819,63194022.88,29,-25.9,5.9,-30,28.1,85.1,,,51.8,9.5,40.5,77.38
Sweden,Stockholm,1997,1201,8311300,31821,58132710.66,29.2,-16.4,6.8,-24,31.4,0,,,53.6,17.7,42.2,74.64
Sweden,Stockholm,1998,1231,8346300,31966,58717075.01,25.1,-16.9,6.1,-22.8,,0,,,47.8,9.4,40.6,79.89
Sweden,Stockholm,1999,1220,8378013,32328,55856974.06,31,-20.9,7.8,-31.2,30.3,0,,2.99,48.1,9.6,41.8,76.41
Sweden,Stockholm,2000,1131,8409008,30896,54724980.5,25.1,-20.5,8,-26.8,,0,,,44.3,9.5,41.5,77.05
Sweden,Stockholm,2001,1197,8439317,28429,55682290.71,30.6,-23.9,7.1,-28,29.4,408.01,,,42.3,11,34.6,75.36
Sweden,Stockholm,2002,1180,8465828,31175,56641312.84,30,-18,7.6,-26.4,30.5,758.9,,10.9,55.1,13.5,31.1,76.4
Sweden,Stockholm,2003,1112,8490539,38997,57224353.61,30.2,-23.9,7.4,-29.1,30.4,706.71,,9.15,64.6,13.3,32.4,75.99
Sweden,Stockholm,2004,1155,8514314,44831,56443340.56,30.1,-16.9,7.3,-21.9,29.4,651.11,,10.2,57.2,12.8,35.4,75.53
Sweden,Stockholm,2005,1219,8538624,45563,53843310.57,32,-23,7.6,-23.6,30.1,418.25,,6.75,59.2,10.8,30.3,74.66
Sweden,Stockholm,2006,1197,8576044,48977,53672750.5,30.9,-17.9,8.2,-20.3,29.6,668.59,,,49.8,10.7,26.9,76.57
Sweden,Stockholm,2007,1126,8629159,56531,52816477.68,30.1,-15.7,8,-21.3,28.3,623.22,,,53.3,11.6,29.3,77.18
Sweden,Stockholm,2008,1170,8688504,59155,50723095.64,30,-10.7,8.4,-14.2,28.9,804.6,,,54.9,11.5,28.5,77.63
Sweden,Stockholm,2009,1242,8755922,49070,47153238.82,29,-16.6,7.3,-19.3,28.9,469.74,,,37.6,13.2,26.5,79.51
Sweden,Stockholm,2010,1141,8823125,55352,52927274.75,31.7,-22.9,5.6,-27.4,32,912.32,,26,42.2,14.6,30.2,80.18
Sweden,Stockholm,2011,1112,8884644,63380,48969956.41,28.8,-21.8,8.1,-26.5,30.6,973.84,,28.1,78.3,15.7,28.9,78.59
Sweden,Stockholm,2012,1154,8948909,60776,46403566.28,26.1,-20.6,7,-22.5,,1512,,17.79,40.7,15,17.3,79.2
Sweden,Stockholm,2013,1230,9024081,64133,44768997.2,28.7,-16.1,7.7,-20.7,27.7,873.84,79.2,19.33,169.3,31.2,11.9,77.1
Sweden,Stockholm,2014,1148,9114524,62956,43225705.7,31.3,-12.2,8.5,-17.4,29.8,1127.45,57.6,4.78,172.3,30.5,31.3,77.84
Switzerland,Bern,1995,1419,6617500,51774,43414060.79,33.1,-18.6,9.3,-18.9,34.7,804.65,,1.42,61.6,8.9,46.5,76.91
Switzerland,Bern,1996,1432,6652200,49621,44098465.42,34.1,-12.9,8.5,-18.8,33,709.18,,0.44,45.4,8.1,50,77.91
Switzerland,Bern,1997,1341,6675200,42923,43035015.67,31.1,-12.9,9.7,-18,32,699.43,,0.76,58.2,8.7,45.6,76.13
Switzerland,Bern,1998,1371,6725167,43872,44612347.11,35.1,-11.9,9.3,-16.5,35.4,602.63,,0.6,64.5,9.5,45.9,74.31
Switzerland,Bern,1999,1296,6764328,42859,44441709.5,34.1,-20.9,9.1,-18.8,32.2,407.87,,1.87,68.4,9.2,36.9,78.9
Switzerland,Bern,2000,1380,6809589,39952,43611917.32,29.8,-11.8,9.3,-17,30.5,1273.16,,0.39,55.3,9.3,32.8,76.45
Switzerland,Bern,2001,1338,6865842,40582,45075797.17,32.1,-14.8,9.2,-23.5,31.7,1521.76,,0.14,67.9,9.4,28.8,77.25
Switzerland,Bern,2002,1446,6942010,43419,43458527.07,32.9,-12.6,9.8,-15.8,33.8,1577.51,,0,101.7,8.7,21.2,78.24
Switzerland,Bern,2003,1269,6969293,50639,44644101.19,37.1,-16,9.8,-18.6,36.6,964.14,,0.79,45.6,9.3,15.9,74.2
Switzerland,Bern,2004,1284,7023166,56123,45228284.21,30,-10.6,9.1,-14.3,29.1,1259.95,,1.24,48,10.1,19.5,77.2
Switzerland,Bern,2005,1299,7071991,57790,45779837.77,33.1,-15.5,8.8,-18.7,32.6,997.71,133.6,4.77,40,10.3,17.7,76.7
Switzerland,Bern,2006,1309,7118477,60536,45365628.28,33,-11.5,9.4,-14.7,32.1,1484.6,104,2.79,49.2,10.1,18.9,79.47
Switzerland,Bern,2007,1360,7183595,66807,43359827.5,30.5,-10.2,9.6,-11.9,30.6,1446.75,89.5,3.54,36.3,10.3,18.3,79.11
Switzerland,Bern,2008,1314,7274875,76202,44706687.82,31.2,-9.6,9.2,-9.8,30.7,1082.6,6.4,9.9,39.2,10.7,17.5,79.23
Switzerland,Bern,2009,1105,7364558,73529,43528067.64,33.4,-14.9,9.6,-15.3,32.3,1078.89,93.5,7.38,41,10.6,17.4,78.06
Switzerland,Bern,2010,1006,7439147,78474,45045102.6,33.2,-14.8,8.7,-18.3,34.4,937,89.2,8.99,37.9,10.2,18.7,77.79
Switzerland,Bern,2011,1034,7518040,93053,40979689.24,33.1,-9.9,10.1,-11,32.6,795.76,91.9,4.66,31.2,9.9,18.7,77.17
Switzerland,Bern,2012,1038,7595591,87951,42250900.62,34.8,-18.5,9.4,-24.9,34.4,1128.2,81.5,3.29,35,9.5,18.4,78.83
Switzerland,Bern,2013,1071,7681318,89634,43183909.83,34.1,-12.4,8.8,-13,34.1,1097.45,76,4.88,32.3,8.3,19.7,80.89
Switzerland,Bern,2014,1032,7809621,90809,39237750.66,31,-11.7,10.1,-15,31,1041.18,74.7,5.5,36.9,8.7,19,81.21
Thailand,Bangkok,1991,3559,51947693,1891,98365594.92,43.1,18.1,28.3,,47.9,2682.8,,,61.2,8.8,66.3,64.78
Thailand,Bangkok,1992,3550,52570440,2120,108076713.8,39.1,16.5,28.7,,46.9,2606.12,,,118.4,9.1,63.7,69.22
Thailand,Bangkok,1994,2307,52691000,2784,136844214,38.1,18.4,29.1,,48.7,5266.44,,,83.1,8.7,65.9,69.1
Thailand,Bangkok,1995,4245,54366057,3114,158457068.5,40.1,14.1,28.4,,53.8,3180.15,,,83.6,8.6,63.5,72.39
Thailand,Bangkok,1996,4443,55070703,3324,177264411.7,39.1,15.1,29,,72,3643.95,,,59.4,8.2,65.7,73.51
Thailand,Bangkok,1997,4150,55859088,2689,183045934.3,40.1,19.1,29.9,,64.2,1769.98,,,79.6,8.9,60.8,65.99
Thailand,Bangkok,1998,4963,56691783,2005,162551647.5,39.1,19.9,29.1,,49.1,4854.77,,,67,8.6,64.5,74.74
Thailand,Bangkok,1999,5276,57507860,2203,174131016.7,37.8,12.1,27.9,,46.7,1313.81,,2.21,71.2,9.6,72.2,75.04
Thailand,Bangkok,2000,5182,58262135,2169,179263989.8,38.1,17.1,28.3,,51.7,4416.45,,,92.5,9.7,73.9,77.36
Thailand,Bangkok,2002,4902,58263389,2305,205776032.5,38.1,19.1,29.3,,54.1,3515.79,,,63,9.8,73.7,77.71
Thailand,Bangkok,2003,4484,60158951,2531,221916442.2,38.1,18.1,29.2,,51.7,3908.11,,,74.2,10,70,73.69
Thailand,Bangkok,2004,4296,60686373,2849,240241704.5,40.1,20,29.3,,50.6,2424.35,,,66.6,9.7,68.3,72.65
Thailand,Bangkok,2005,3937,61182665,3094,244303940,38.1,17.9,29.4,,56.7,2932.17,,,61.2,9.7,72.5,74.82
Thailand,Bangkok,2006,3608,61636512,3598,248619994.9,38.8,17.1,29.5,,52.7,2870.84,,,100.1,9.7,70.7,70.87
Thailand,Bangkok,2007,3754,58941621,4461,249166110.2,37.9,18.7,29.1,,51.5,3948.85,,,76.8,9.8,71.5,68.75
Thailand,Bangkok,2008,3778,59216773,4921,249591018.8,37,19.1,28.5,,45.3,3913.57,,,68.5,9.8,76.7,69.03
Thailand,Bangkok,2009,3787,59483718,4736,264750299.2,38.3,15.1,28.6,,46.7,7264.83,,,65.8,9.8,71.3,68.48
Thailand,Bangkok,2010,3761,59769764,5707,279428513.3,38.9,20.1,29.2,,49.7,3611.84,,,35.9,9.8,70.6,69.69
Thailand,Bangkok,2011,3873,60261832,6153,275835966,36.5,17.1,28.3,,44.7,3897.09,,,38.7,9.7,71.9,70.25
Thailand,Bangkok,2012,3985,60382255,6584,293664430.5,39.7,21.1,29.5,,47,2536.49,,,39.5,9.9,77.6,70.88
Thailand,Bangkok,2013,3961,60766487,6917,296902994.6,39.6,16.1,29.2,,46.1,2459.52,,,40.4,9.3,73.2,69.82
Thailand,Bangkok,2014,3952,61139919,6662,313186490.6,37.7,15.2,28.9,,46.4,1783.1,,,38.9,9.4,69.4,70.63
Turkey,Ankara,2009,1050,65962419,9773,316771031.9,34.9,-14.8,12.7,-16.9,32.4,19.7,,,44.4,13.2,43.2,61.14
Turkey,Ankara,2010,1524,66975131,11525,319528399.8,39.4,-12,14.1,-16,37,584.8,,,43.1,13.2,43.2,60.71
Turkey,Ankara,2011,1148,68034357,12237,344745495.1,36.1,-10.4,11.5,-12,34.5,11.5,,,35,12.9,40.6,63.62
Turkey,Ankara,2012,1450,68976439,12671,354134764.7,40.4,-18,12.8,-22.4,37.7,35.2,,,47.4,13,39.8,60.34
Turkey,Ankara,2013,1810,69880352,13603,346780965.1,35.1,-11.7,12.8,-14.8,32.6,208.87,59.4,3,52.1,15.9,37.6,55.42
Turkey,Ankara,2014,1617,70931420,13170,357559960.9,37.4,-6.2,13.6,-9.7,34.7,967.22,72.4,,35.3,16.1,43.7,61.46
United Arab Emirates,Abu Dhabi,2005,96,4280433,42196,114554436.6,47.1,11.1,28,,59.4,45.6,,,50.4,9.3,11.3,58.54
United Arab Emirates,Abu Dhabi,2006,90,4923879,45110,121883794.7,46.1,9.6,27.9,8.2,53.7,55.2,,,72,9.2,10.8,56.02
United Arab Emirates,Abu Dhabi,2007,101,5695389,45285,133336992.3,47.1,9.6,28,9.1,56.8,56.1,,,53.6,8.9,7.5,57.41
United Arab Emirates,Abu Dhabi,2008,100,6510358,48457,154155409.4,51.6,6.9,27.6,5.1,57.1,894,,,51.8,8.1,8.1,56.35
United Arab Emirates,Abu Dhabi,2009,124,7252480,34960,165185136.2,46.1,9.2,28.2,,55.4,89.3,,,110.9,8.4,11.2,55.2
United Arab Emirates,Abu Dhabi,2010,111,7839736,36964,158164662.1,47.1,11.7,29.2,,58.7,127.5,,,53.5,9,5.3,53.69
United Kingdom,London,1991,4547,53903427,21201,609020421.9,28.2,-6.6,11.5,-14.4,27.5,171,,11.29,76,18.8,69.7,73.94
United Kingdom,London,1992,4628,54076358,21815,593504125.9,28.6,-1.1,11.8,-5.5,27.4,202.3,,,46.4,22.7,70.7,72.12
United Kingdom,London,1993,4462,54283982,19553,579402782.1,27.4,-3.3,11.3,-6.8,26.7,216,,,57.2,23.6,72.1,70.3
United Kingdom,London,1994,4380,54497293,20927,575657386.1,30.4,-3.3,12.1,-10.1,30.2,271,,,48.2,24.3,72.2,71.16
United Kingdom,London,1995,4315,54746964,24389,566834101.6,32.2,-3.9,12.3,-8.8,30.4,206.9,,0,55.4,24.8,66.9,67.78
United Kingdom,London,1996,4165,55012207,25609,588493462,30.9,-4.3,10.9,-11.8,30.2,153.4,,,46.4,18.7,69.3,68.86
United Kingdom,London,1997,4143,55266635,28091,562484735.6,31.2,-3.6,12.4,-10.7,30.9,233.9,,0,40.7,20.1,67.6,69.82
United Kingdom,London,1998,4389,55527379,29508,567486178.9,30.9,-0.9,12.1,-4.8,30.6,300,,,48.2,21.6,73.7,70.44
United Kingdom,London,1999,4448,55833339,29832,560505345.8,31.9,-1.3,12.6,-6.4,30.2,189.3,,,48.2,23.3,70,70.22
United Kingdom,London,2000,4290,56133909,29358,567061452.3,32.2,-1.6,12.2,-6.4,32.9,874.3,,,44.3,21.2,71.9,72.73
United Kingdom,London,2001,4128,55571993,29179,575927499.8,31.1,-0.8,11.7,-5.4,34.8,659.8,,,61.2,20.7,69.7,71.73
United Kingdom,London,2002,4117,55908944,31630,560040954.1,31.2,-1.6,12.6,-6.4,32.4,733.7,,,103.7,20,72.3,71.35
United Kingdom,London,2003,3979,56171771,36289,571600968.8,37.4,-1.6,12.7,-7,37.8,395.1,,3,83.2,21.3,63,67.41
United Kingdom,London,2004,4183,56455011,42486,573203764.5,31.4,-1.9,12.5,-8.7,30.8,540.1,,,68.4,22.6,70.2,70.54
United Kingdom,London,2005,4047,56809024,44372,570001049.8,33.2,-1.6,12.3,-6.8,32.7,351.4,,,54,21.4,31.4,70.1
United Kingdom,London,2006,4122,57091129,47163,567652245.2,33.2,-1.9,12.7,-6,33.3,535.1,,,40.7,22.9,18.8,68.04
United Kingdom,London,2007,3897,57382757,53576,559321980.6,30.4,-0.4,12.6,2.1,29.8,595.1,25.9,,22.3,33.5,0,72.41
United Kingdom,London,2008,4259,57683372,50111,544848238.5,30.7,-0.8,12.2,0.5,29.8,565.4,,,16.6,5,0,71.44
United Kingdom,London,2009,4246,58013559,41074,494604731.5,30.1,-2.6,12.5,,29.6,585.9,,,20.5,30.6,0.1,70.66
United Kingdom,London,2010,4188,58403529,41798,512214253.3,30.9,-5.1,10.8,,29.5,523.7,,,0,,0,75.23
United Kingdom,London,2011,4393,58881852,44491,469811462.2,31.9,-1.8,12.4,,31.1,483.4,,,0,,0,75.88
United Kingdom,London,2012,4444,59708630,44585,487670753.9,30.7,-3.8,11.5,,31.4,649.9,,,0,,0,77.78
United Kingdom,London,2013,4824,60091793,45594,477732571.4,32.9,-3.4,11.2,,32.7,315.7,,,0,,0,73.85
United Kingdom,London,2014,4788,60570482,49906,438691177,31.7,-1.9,12.7,,31.4,673.4,,,0.1,10,0,74
United States,Washington,1991,30790,232955000,26503,5070839400,38.3,-8.8,15.4,-17.2,42.4,843.01,,2.42,57.6,16.2,59.7,66.29
United States,Washington,1992,30471,235565600,27760,5174059076,36.6,-9.9,13.4,-18,40.9,1041.34,,4.08,60,16.2,66,69.81
United States,Washington,1993,31084,238092300,28891,5284687882,37.8,-11.6,14.1,-20.4,44.1,1451.47,,4.68,59.9,16.8,63.7,69.79
United States,Washington,1994,31123,240614100,30375,5377987137,37.6,-19.9,14.2,-31.1,43.6,1370.66,,3.35,53.5,17.1,60.9,68.2
United States,Washington,1995,31272,243164200,31518,5439213314,37.2,-13.8,14.3,-24,48.7,1108.35,,4.04,50.6,18,60.4,65.37
United States,Washington,1996,30879,245997800,32928,5626186717,35.6,-14.5,13.3,-22.1,38.6,1604.02,,20.59,52.8,14.7,63.5,69.8
United States,Washington,1997,30517,248486400,34644,5703890708,38.1,-13.9,13.5,-22,42.3,844.82,,7,59.4,13.9,63.7,65.32
United States,Washington,1998,30558,251332500,36164,5752324190,36.1,-7.9,15.3,-14.6,40.7,994.37,,,55.8,13.2,66.5,66.73
United States,Washington,1999,29183,253748671,38072,5832250178,39,-11.9,14.7,-16,43.9,1013.15,,3.11,59.5,13.3,63.1,65.81
United States,Washington,2000,29343,262246108,39218,6000606067,34.4,-9.9,13.8,-18.3,39.5,1006.1,,11,51.8,14.3,68,67.88
United States,Washington,2001,30607,265427546,40018,5902454993,36.1,-6.6,14.6,-12.8,45.1,769.7,,4,53.6,14.2,62.3,66.53
United States,Washington,2002,31645,268759559,40845,5943651279,37.2,-7.1,14.9,-14.4,49,850.3,,7.24,61.2,14.3,68.1,66.41
United States,Washington,2003,31477,271041510,42468,5991319569,34.4,-11.1,13.6,-19.5,39,1495.1,,12.67,72.4,13.6,71,70.07
United States,Washington,2004,32428,273584136,44867,6106620735,33.1,-13.3,14.3,-23.6,37.3,1055.3,,8.82,55.4,14,69.4,65.32
United States,Washington,2005,32629,276106680,47423,6132005704,36.1,-10.8,14.3,-21.1,40.2,1222.49,105.5,4.64,51.8,14,67.5,63.09
United States,Washington,2006,33292,278980848,49666,6052236286,37.8,-10,14.9,-17.7,42.4,1271.19,88.9,7.85,55.4,14.1,65.8,64.52
United States,Washington,2007,34596,280658606,51585,6130983563,38.1,-12.2,14.8,-20.7,42.9,859.94,183.2,4.15,49.4,14.6,63.3,61.71
United States,Washington,2008,36030,282355565,52128,5932775281,36.1,-8.5,14.9,-15.9,41.3,1480.52,51.8,3.02,62.1,15,44,60.72
United States,Washington,2009,36900,285162662,50563,5495394958,35.5,-13.5,13.9,-21.9,37.7,1220.8,80.9,17.14,59.4,14.8,68.2,64.18
United States,Washington,2010,38362,287839149,51989,5701075808,38.6,-8.9,15.3,-17.8,42.7,917.67,94.3,23.14,45,15.2,15.7,58.51
United States,Washington,2011,39508,290313825,53452,5570706560,39.2,-8.4,15.2,-15.4,48.7,1355.32,113,7.07,59.5,15.1,66.7,64.98
United States,Washington,2012,40596,292827128,55170,5366730281,40.5,-8.4,16.1,-15.3,44.4,905.67,113,3,58,15.2,65.4,61.64
United States,Washington,2013,41143,295322862,56520,5519612557,34.9,-8.1,14.5,-14.8,42.1,1136.21,85.3,3,44.5,15.2,15.9,62.57
United States,Washington,2014,42769,297749735,58531,5568759258,34.3,-14.3,14,-24.5,38.8,1149.31,73.1,6.55,52.4,15.1,16,60.35
