_key,country,year,suicide no,population,gdp_per_capita,suicides/100k pop,co2 emission,Name,Period,Maximum Temperature,Minimum Temperature,Temperature,Wind Chill,Heat Index,Precipitation,Snow Depth,Wind Speed,Wind Gust,Visibility,Cloud Cover,Relative Humidity
Argentina1991,Argentina,1991,1951,29623000,6404,6.59,116845003.3,Buenos Aires,1991,37.7,-1,17.4,-7.7,42.9,1952.12,,105.9,,10.1,45.3,75.13
Argentina1992,Argentina,1992,2184,30045400,7615,7.27,121016713.6,Buenos Aires,1992,35.1,-1.9,16.7,-4.8,42,2371.95,,105.4,,10.3,43.3,73.69
Argentina1993,Argentina,1993,2230,30477500,7768,7.32,117564672.1,Buenos Aires,1993,47.7,-2.6,17.4,-5.1,40.8,2376.89,99,100.9,,10.1,45,74.11
Argentina1994,Argentina,1994,2241,30911200,8328,7.25,122010040.7,Buenos Aires,1994,37.1,0.7,17.9,-3.4,45.4,3347.69,7.29,118,,10.2,50.5,72.23
Argentina1995,Argentina,1995,2204,31345400,8232,7.03,127598460.1,Buenos Aires,1995,39.1,-1.9,17.5,-5.6,41.4,4652.18,10.03,102.6,,10.3,45.3,69.37
Argentina1996,Argentina,1996,2229,31780700,8563,7.01,134643650.1,Buenos Aires,1996,34.9,-3.6,18,-3.9,39.5,1330.05,8.5,114.8,,10.3,42.2,71.92
Argentina1997,Argentina,1997,2184,32333781,9057,6.75,137558052.2,Buenos Aires,1997,34,0.8,18.1,-1.5,40.2,1429.2,,79.6,,10.3,50.5,72.35
Argentina1998,Argentina,1998,2347,32757259,9126,7.16,139354451.3,Buenos Aires,1998,35.1,3.1,17.7,-1.5,36.6,966.63,,71.2,,10,49.5,73.5
Argentina1999,Argentina,1999,2423,33174862,8546,7.3,146510308.4,Buenos Aires,1999,35,0.9,17.5,-4.3,38.2,381.34,3.02,98.9,,10.1,50.4,71.42
Argentina2000,Argentina,2000,2774,33585533,8462,8.26,141716804.3,Buenos Aires,2000,38.1,0.1,17.4,-3.4,37.7,1507.96,,82.3,,9.6,45.9,71.72
Argentina2001,Argentina,2001,3132,34010946,7900,9.21,133310609.8,Buenos Aires,2001,35.1,0.6,18.1,-2.6,42.2,1639.75,97,94.3,,10.4,48.5,75.3
Argentina2002,Argentina,2002,3162,34407507,2840,9.19,124382213.6,Buenos Aires,2002,34.5,-1.9,17.9,-5.4,40.7,1498.66,,69.5,,9.9,45,73.11
Argentina2003,Argentina,2003,3289,34785907,3668,9.45,134620660.1,Buenos Aires,2003,36.1,0,17.5,-1.4,42.1,1156.44,,97,,9.8,36.8,71.85
Argentina2004,Argentina,2004,3121,35162945,4683,8.88,157033639.3,Buenos Aires,2004,36.3,-0.9,17.9,-3.9,37.2,976.2,,66.4,,9.8,34.2,72.57
Argentina2005,Argentina,2005,3058,35550617,5590,8.6,161424779.4,Buenos Aires,2005,35.7,1.1,17.8,-0.7,41.7,840.34,,57.7,,9.8,32.3,71.34
Argentina2006,Argentina,2006,3108,35918886,6475,8.65,174617506,Buenos Aires,2006,34.2,0.1,18.1,-2.7,40.7,1187.9,87,66.6,,9.8,32.7,71.37
Argentina2007,Argentina,2007,2946,36315492,7918,8.11,174232910.8,Buenos Aires,2007,36.1,0.1,17.1,-4.8,42.1,1330.38,4,64.5,,9.6,33.4,73.19
Argentina2008,Argentina,2008,3059,36733520,9843,8.33,188041184.3,Buenos Aires,2008,37.1,-0.9,18.2,-2.5,43.7,1053.34,,75.5,,9.7,31.5,71.53
Argentina2009,Argentina,2009,2884,37158001,8961,7.76,178867384.3,Buenos Aires,2009,36.4,-2.4,17.9,-3.3,39.2,1271.04,,56.7,,9.9,29.2,70.53
Argentina2010,Argentina,2010,2943,37578454,11273,7.83,186686451.5,Buenos Aires,2010,36,-1.7,18,-1.9,39.3,1829.9,,54.5,,9.6,31.7,71.71
Argentina2011,Argentina,2011,2912,38015739,13946,7.66,190247901.5,Buenos Aires,2011,35.1,1.6,17.9,-2.4,39.6,1051.97,,53.2,,9.8,31.4,69
Argentina2012,Argentina,2012,3248,38441778,14203,8.45,191044680.3,Buenos Aires,2012,37.6,1.1,18.3,-2.9,44.5,2261.7,,80.3,,9.6,38.2,71.73
Argentina2013,Argentina,2013,2987,38859125,14206,7.69,188428149.5,Buenos Aires,2013,37.9,1.1,18.1,-3.4,46.2,1003.03,17,49.3,,9.4,29.7,67.42
Argentina2014,Argentina,2014,3231,39276555,13400,8.23,202671490.1,Buenos Aires,2014,35.9,2.1,18.5,-0.7,45.5,2188.03,,59,,9,32,70.9
Australia1991,Australia,1991,2288,16012100,20320,14.29,279872363.9,Canberra,1991,36.9,-3.1,13.3,-3.9,34.3,1395.2,,65.6,,36.8,40.7,67.78
Australia1992,Australia,1992,2251,16203500,20050,13.89,284912124.3,Canberra,1992,37.1,-5.3,12,-4.5,35.6,1513.57,,54.3,,36.5,48.2,75.42
Australia1993,Australia,1993,2038,16370000,19030,12.45,289234856.5,Canberra,1993,35.6,-5.6,12.5,-5.9,34.2,1363.77,,42.5,,35.7,43.4,73.54
Australia1994,Australia,1994,2283,16549400,19469,13.8,294014610.4,Canberra,1994,37.1,-6.9,12.7,-5.3,34.7,867.21,,63,,37.6,38.9,65.22
Australia1995,Australia,1995,2170,16766300,21902,12.94,305409799.3,Canberra,1995,32.5,-4.1,12.4,-4,30.9,1594.2,,46.4,,35.2,41.4,71.84
Australia1996,Australia,1996,2426,17015100,23526,14.26,312361210,Canberra,1996,33.3,-5.7,12.3,-3.6,33.2,1686.96,,56.7,,35,40,68.47
Australia1997,Australia,1997,2646,17221300,25234,15.36,320794696.4,Canberra,1997,36.7,-6.4,13.2,-5.9,34.2,879.86,,56.7,,36.9,27.2,64.44
Australia1998,Australia,1998,2632,17421730,22897,15.11,334684106.5,Canberra,1998,37.5,-6.3,13.6,-3.6,35.9,1292.02,,52.9,,35.8,30.5,67.27
Australia1999,Australia,1999,2488,17641702,22016,14.1,344063336.2,Canberra,1999,37.1,-5.6,13.7,-6.3,35.2,661.95,3.28,46.4,,19.9,37.8,66.75
Australia2000,Australia,2000,2391,17874410,23219,13.38,350194581.8,Canberra,2000,35.1,-5.8,13.1,-7.3,33.5,1522.52,,64.8,,17.2,34.8,70.52
Australia2001,Australia,2001,2458,18130883,20860,13.56,357668742.8,Canberra,2001,39.1,-5.4,13.7,-6.8,38.4,961.15,,53.6,,18.8,33.6,68.21
Australia2002,Australia,2002,2319,18370058,21474,12.62,362209093.8,Canberra,2002,36.4,-5.9,13.9,-8.2,34.2,1053.01,,85.6,,20.2,31,64.46
Australia2003,Australia,2003,2156,18608029,25059,11.59,369725835.4,Canberra,2003,39.1,-5,13.8,-8.3,36.6,1184.96,,55.4,,20,34,66.82
Australia2004,Australia,2004,2114,18854551,32454,11.21,383204944.7,Canberra,2004,38.4,-6.3,13.9,-8.8,37.9,1270.86,,110.9,,19,33.2,65.21
Australia2006,Australia,2006,2117,19109246,39014,11.08,392681873.2,Canberra,2006,39.1,-5.4,13.8,-8.6,37.5,813.77,,55.4,,15.2,33.5,63.51
Australia2007,Australia,2007,2229,19734430,43171,11.29,400415729.4,Canberra,2007,39.4,-4.2,14.2,-6.6,36.3,1346.94,,53.6,,15,39.5,67.27
Australia2008,Australia,2008,2341,20120312,52315,11.64,405048537.2,Canberra,2008,35.1,-4.6,13.3,-7.1,33.5,1206.7,,59,,15.5,38.8,66.02
Australia2009,Australia,2009,2337,20529317,45128,11.38,408672631.7,Canberra,2009,39.6,-4.9,14.2,-5.1,37.8,1235.7,,53.6,,15,41.1,64.81
Australia2010,Australia,2010,2420,20847547,54887,11.61,406752772.7,Canberra,2010,38.1,-3.9,13.2,-7.2,35.8,2121.56,,55.4,,13.3,45.6,71.35
Australia2011,Australia,2011,2392,20881910,66770,11.45,404246571.2,Canberra,2011,37.1,-6.9,12.8,-10.7,35.7,1427.81,,56.1,,11.1,47.6,71.52
Australia2012,Australia,2012,2580,21238909,72669,12.15,407146057.1,Canberra,2012,35.1,-6.1,12.4,-9.2,60.1,1440.64,,51.8,,10.4,40.2,70.73
Australia2013,Australia,2013,2608,21600180,72856,12.07,398163798.2,Canberra,2013,40.2,-5.9,13.5,-8.5,38.1,699.74,,57.6,,9.9,35.9,67.35
Australia2014,Australia,2014,2891,21927587,66809,13.18,393464239.2,Canberra,2014,39.1,-7.9,13.7,-7.8,36.4,710.58,,53.6,,9.6,36.9,70.25
Austria1991,Austria,1991,1769,7299728,23808,24.23,65899677.65,Vienna,1991,34.1,-15.9,9.8,-22,35.2,911.6,7.91,49,,10.9,31.3,73.19
Austria1992,Austria,1992,1759,7375368,26450,23.85,60431459.18,Vienna,1992,36.2,-11.9,11.4,-14.4,37,583.27,3.8,58.5,,12.2,29.9,68.91
Austria1993,Austria,1993,1704,7433569,25611,22.92,60787739.13,Vienna,1993,33.1,-16.9,10.2,-20.9,34.2,411.21,15.6,62.3,,11.7,25.3,71.32
Austria1994,Austria,1994,1776,7462552,27274,23.8,61190346.75,Vienna,1994,35.1,-13.6,12,-16.8,36.2,931.95,6.95,55,,13.7,23.6,71.47
Austria1995,Austria,1995,1788,7477030,32237,23.91,64205950.22,Vienna,1995,34.1,-12.9,10.8,-18.2,36,398.02,8.04,59.8,,13.1,26.2,74.03
Austria1996,Austria,1996,1779,7493706,31660,23.74,67673887.44,Vienna,1996,31.5,-20.8,9.2,-24.5,32.1,357.93,12.65,88.5,,11.9,28.4,76.52
Austria1997,Austria,1997,1592,7512589,28325,21.19,67453011.31,Vienna,1997,31.6,-12.9,11.1,-16.8,32.6,617.97,18.57,60.9,,15.4,25.9,74.55
Austria1998,Austria,1998,1559,7533519,28972,20.69,67054364.04,Vienna,1998,35.5,-13.6,10.9,-18.9,37.4,500.58,5.84,62.5,,18.6,41.1,72.87
Austria1999,Austria,1999,1555,7561609,28722,20.56,65621004.96,Vienna,1999,35.1,-10.5,11,-18.9,37,465.99,3.24,61.5,,16.2,39.5,76.12
Austria2000,Austria,2000,1588,7592073,25922,20.92,66261743.06,Vienna,2000,37,-13.2,12.1,-20.8,37.7,1510.51,13.9,68.6,,14.3,31.8,71.3
Austria2001,Austria,2001,1489,7634560,25848,19.5,70390857.43,Vienna,2001,36,-12.9,10.9,-22.6,35.7,1547.17,4.21,59.3,,13,36,72.81
Austria2002,Austria,2002,1553,7683162,27772,20.21,72146538.21,Vienna,2002,35.1,-12.9,11.8,-19.2,38.2,1757.17,3.93,53.1,,13.6,25.7,73.47
Austria2003,Austria,2003,1456,7722033,33889,18.86,77764249.22,Vienna,2003,37.1,-11.7,12.1,-16.3,39.2,483.77,6.81,46.9,,22.1,1.9,69.47
Austria2004,Austria,2004,1422,7773105,38711,18.29,78052545.98,Vienna,2004,32,-10.4,11.4,-16,34.1,1178.49,9.45,51.7,,22.8,8.9,71.39
Austria2005,Austria,2005,1399,7827461,40367,17.87,79366679.88,Vienna,2005,35.8,-15.9,11.1,-20.2,39.3,729.43,9.6,49.5,72,17.1,5.6,72.15
Austria2006,Austria,2006,1297,7869269,42698,16.48,76688464.51,Vienna,2006,35.1,-17.4,11.1,-26.8,36.3,1540.56,7.45,50.6,72,15.7,36.8,74.05
Austria2007,Austria,2007,1285,7897272,49218,16.27,74032117.13,Vienna,2007,37,-9.7,12.1,-11.5,39.1,1777.88,4.92,63.2,82.8,17.6,37.7,71.17
Austria2008,Austria,2008,1267,7925258,54294,15.99,73806271.05,Vienna,2008,34.3,-11.5,11.8,-17.1,37.4,1383.14,2.5,64.3,,17.2,38,73.12
Austria2009,Austria,2009,1278,7946894,50356,16.08,67483059.72,Vienna,2009,34.8,-12.9,11.4,-21.9,37.6,1946.08,6.55,52.3,111.6,17,39.4,74.36
Austria2010,Austria,2010,1264,7968421,49181,15.86,72383144.13,Vienna,2010,34.3,-15.4,10.2,-21.5,36.6,1715.46,10.15,54.4,154.8,16.5,40.8,73.61
Austria2011,Austria,2011,1288,7995146,53923,16.11,70115670.43,Vienna,2011,36,-11.1,11.3,-16.9,40,1159.78,3.43,53.5,111.6,18.1,35,72.56
Austria2012,Austria,2012,1276,8031276,50979,15.89,67661399.55,Vienna,2012,37.5,-15.8,11.6,-23.6,41.6,1275.62,3.83,52.3,100.8,19.4,34,70.6
Austria2013,Austria,2013,1291,8079615,53229,15.98,68001230.43,Vienna,2013,38.3,-13.9,11.1,-20.5,42.9,1490.36,9.9,53.2,93.6,18.9,40.2,73.5
Austria2014,Austria,2014,1314,8141165,54278,16.14,64253326.18,Vienna,2014,34.1,-11.4,12.3,-16.8,34.5,1595.92,2.08,60.2,100.8,18.7,25.8,73.08
Belgium1991,Belgium,1991,1805,9396600,22523,19.21,123544709.4,Brussels,1991,32.5,-13.1,9.8,-21.1,34.5,423.18,10.28,59,,11.1,59.4,79.92
Belgium1992,Belgium,1992,1878,9428100,25036,19.92,122657810.6,Brussels,1992,31.8,-6.9,10.5,-12.1,36.9,494.75,49.8,66.6,,11.5,60.6,80.82
Belgium1993,Belgium,1993,2142,9462900,23875,22.64,121557284.5,Brussels,1993,29.9,-10.6,10.2,-13.9,29.5,760.3,3.54,64.8,,11.7,63.7,79.13
Belgium1994,Belgium,1994,2131,9497400,25922,22.44,124938189,Brussels,1994,34.2,-8.9,11.1,-20.5,37.2,2023.84,53.18,59,,12.1,66.1,80.15
Belgium1995,Belgium,1995,2155,9527100,30394,22.62,126082964.2,Brussels,1995,33.9,-8.8,11,-13.6,37.2,562.68,1.86,61.2,,12.1,62.9,79.2
Belgium1996,Belgium,1996,2013,9557545,29438,21.06,129583624.6,Brussels,1996,32.2,-12.6,9,-18.8,32.9,382.93,2.05,76.9,,11.6,65.1,79.55
Belgium1997,Belgium,1997,2146,9576223,26609,22.41,124046824.6,Brussels,1997,31.6,-14.6,10.6,-21.2,33.4,583.87,1.54,78.1,,12,64,79.16
Belgium1998,Belgium,1998,2019,9620997,27087,20.99,130285112.6,Brussels,1998,34.9,-8.6,10.7,-11.7,35.7,416.74,8.52,82.8,,12.4,69.6,80.94
Belgium1999,Belgium,1999,1857,9648277,26969,19.25,124745701.4,Brussels,1999,30.3,-9.1,11.1,-10.8,29.6,278.22,3.81,54,,13.9,64.3,80.63
Belgium2000,Belgium,2000,2143,9674025,24592,22.15,126794789.3,Brussels,2000,32.1,-5.1,11.2,-8.5,33.6,992.63,0.22,57.6,,14.7,67,81.52
Belgium2001,Belgium,2001,2165,9710055,24494,22.3,126129005.9,Brussels,2001,33.4,-7.4,10.8,-13.4,33.2,1192.69,4.81,75.6,,14.4,65.5,80.79
Belgium2002,Belgium,2002,2076,9758570,26526,21.27,126444626.4,Brussels,2002,32.1,-6.9,11.4,-12.8,36.4,2047.53,1.8,66.6,,9.3,54.2,80.91
Belgium2003,Belgium,2003,2091,9804122,32538,21.33,127953184.7,Brussels,2003,35.1,-8.9,11.4,-15.5,37.8,968.88,5.32,67.2,,9.4,43.7,75.59
Belgium2004,Belgium,2004,1987,9848022,37661,20.18,129040882.7,Brussels,2004,31.1,-7.9,11,-9.3,31.5,1398.93,3.8,63,,9,53.1,78.17
Belgium2005,Belgium,2005,2029,9901014,39124,20.49,125638201.6,Brussels,2005,34.1,-6.9,11.2,-11.3,34.6,1471.4,5.03,85.3,46.4,9,51.5,78.34
Belgium2006,Belgium,2006,1935,9962702,41135,19.42,124030888.5,Brussels,2006,35.1,-7.9,11.3,-12,33.4,1398,2.6,53.6,72,9,45.4,77.67
Belgium2007,Belgium,2007,1857,10030266,47040,18.51,120611401.8,Brussels,2007,30.5,-6.9,11.3,-8.7,30.1,1438.9,,72.4,72,9,44.2,77.4
Belgium2008,Belgium,2008,1999,10100850,51345,19.79,120659010,Brussels,2008,30.7,-6.8,10.6,-10,30.9,734.37,2,54,,17.2,58,77.24
Belgium2009,Belgium,2009,2013,10173366,47630,19.79,107642367,Brussels,2009,33.6,-14.1,10.8,-18.5,34.1,978.36,6.49,44.4,97.2,18.8,47.6,76.16
Belgium2010,Belgium,2010,2013,10211171,47355,19.71,113582031.4,Brussels,2010,32.9,-8,9.5,-13.3,32.9,887.88,4.83,43.2,94.7,17.2,40.6,77.25
Belgium2011,Belgium,2011,2088,10355126,50893,20.16,104158641.9,Brussels,2011,33.3,-5.4,11.6,-10,33.8,810.79,4.14,47.4,89.4,18.8,22,74.96
Belgium2012,Belgium,2012,2026,10442637,47678,19.4,101394975.2,Brussels,2012,34.6,-12.6,10.6,-18.8,35.2,936.49,1.61,47.4,91.8,20,18.2,77.03
Belgium2013,Belgium,2013,1895,10526149,49489,18,101970442,Brussels,2013,33.7,-10,10.1,-12.2,34.7,749.9,5.58,56.4,97.2,19.4,13.2,76.7
Belgium2014,Belgium,2014,1899,10578848,50173,17.95,96391041.25,Brussels,2014,32.7,-5.6,11.9,-11.1,33,748.95,4.33,48,111.4,20.7,16.1,76.72
Brazil1991,Brazil,1991,5156,134281850,4490,3.84,217227472,Brasilia,1991,33.1,4.7,21.5,-0.4,35.2,3555.94,,138.5,,12.5,49.5,68.76
Brazil1992,Brazil,1992,5207,137007021,2924,3.8,218383504,Brasilia,1992,31.1,-2.8,21,,37.9,2423.76,,202.5,,12.9,52.9,71.93
Brazil1993,Brazil,1993,5508,139615477,3136,3.95,228333216,Brasilia,1993,36.1,9.9,21.9,,33.9,2201.07,,202.4,,12.7,44,65.31
Brazil1994,Brazil,1994,5896,142188450,3925,4.15,239470720,Brasilia,1994,40.5,5.3,22,2.1,42.9,3023.2,,195.3,,12.9,46.5,66.14
Brazil1995,Brazil,1995,6536,144783591,5313,4.51,255583376,Brasilia,1995,34.1,-4,21.7,4.1,36.1,2506.2,19,195.3,,12.9,47.8,68.89
Brazil1996,Brazil,1996,6698,147353130,5771,4.55,281194784,Brasilia,1996,35.1,1.8,21.6,-2.2,38.7,1897.13,,99.6,,12.7,48.1,67.49
Brazil1997,Brazil,1997,6891,149932627,5891,4.6,296585256,Brasilia,1997,34.1,7.4,21.4,7.8,33.6,2068.44,12,178.8,,12,50.1,69.5
Brazil1998,Brazil,1998,6922,152524311,5663,4.54,308305720,Brasilia,1998,50.4,8.1,22.5,6.2,42.5,1571.27,,114.3,,12.3,45,65.57
Brazil1999,Brazil,1999,6507,155122073,3864,4.19,316282440,Brasilia,1999,33.1,9.1,21.6,8.3,33.1,974.72,2.98,106.8,,12.2,45.2,65.84
Brazil2000,Brazil,2000,6763,157715991,4156,4.29,324226040,Brasilia,2000,35.1,5.6,22.3,0.4,33.3,1773.31,6,178.8,,12.3,46.8,67.7
Brazil2001,Brazil,2001,7710,160178796,3492,4.81,332987400,Brasilia,2001,35.1,2.2,22.2,-3.5,32.9,1692.81,,132.6,,12.3,45.9,67.78
Brazil2002,Brazil,2002,7697,162761414,3121,4.73,327434832,Brasilia,2002,34.1,9.1,22.3,9,33.4,537.2,,100.1,,13,43.2,65.72
Brazil2003,Brazil,2003,7839,165396911,3376,4.74,317508448,Brasilia,2003,33.4,0.5,21.2,-3,32.5,62.7,,74.2,,13.2,50.1,68.7
Brazil2004,Brazil,2004,7995,167993068,3984,4.76,333675144,Brasilia,2004,35.1,5.6,22.6,4,40.2,0.5,,92.5,,12.8,55.8,71.25
Brazil2005,Brazil,2005,8529,170483960,5230,5,342086472,Brasilia,2005,33.7,8.1,21.2,6.8,36.2,508,10,92.5,,12.9,53.8,70.87
Brazil2006,Brazil,2006,8618,172974722,6403,4.98,341946368,Brasilia,2006,33.1,1,20.7,-0.6,30.8,1609.7,,74.2,,12.9,54.6,71.09
Brazil2007,Brazil,2007,8855,175293192,7970,5.05,356918752,Brasilia,2007,34.1,8.1,21.4,7.8,32.3,1050.9,,64.8,,12.8,41.6,64.42
Brazil2008,Brazil,2008,9184,177471632,9555,5.17,380344928,Brasilia,2008,35.2,7.1,21.3,6.8,33.1,1063.2,,101.9,,11.6,46,65.66
Brazil2009,Brazil,2009,9346,179569551,9283,5.2,360090776,Brasilia,2009,33.1,8.1,22,,32.7,979.1,,103.7,,11.9,52.9,66.11
Brazil2010,Brazil,2010,9429,181629712,12161,5.19,411240192,Brasilia,2010,34.1,8.1,22.4,8,31.6,931.8,,87.1,,11.8,38.6,55.71
Brazil2011,Brazil,2011,9822,183656441,14245,5.35,430194902.3,Brasilia,2011,33.6,9.1,21.6,8.6,31.2,863.4,,46.4,,11.8,41.5,63.66
Brazil2012,Brazil,2012,10295,185591215,13283,5.55,460063092.5,Brasilia,2012,35.1,10.1,21.9,,32.8,732.3,,46.4,,11.8,41.7,63.96
Brazil2013,Brazil,2013,10513,187458852,13191,5.61,493593511.3,Brasilia,2013,33.1,9.1,22.1,8,32.5,428.3,,61.2,,10.7,45.3,65.92
Brazil2014,Brazil,2014,10631,189285554,12975,5.62,519526349.7,Brasilia,2014,36.1,9.1,23.1,,33.4,0,,70.6,,9.8,41.6,59.43
Canada1991,Canada,1991,3593,25390400,24038,14.15,454627504.2,Ottawa,1991,35.1,-25.9,7.2,-35.6,37.8,760.5,16.22,57.6,,25.2,63.7,69.73
Canada1992,Canada,1992,3708,26454400,22393,14.02,468864767.5,Ottawa,1992,30.6,-29.9,5.5,-41.9,33.7,962.5,14.6,55.4,,24.8,57.1,73.1
Canada1993,Canada,1993,3803,26944700,21421,14.11,467879575.2,Ottawa,1993,31.3,-30.1,6,-37.5,37.7,1043.9,5.74,38.1,,24.3,16.4,81.26
Canada1994,Canada,1994,3748,27246000,21219,13.76,483058456.9,Ottawa,1994,32.5,-32,6.2,-42.4,37.6,911.2,29.81,48.2,,25,17.9,74.19
Canada1995,Canada,1995,3968,27618500,21871,14.37,495664515.6,Ottawa,1995,35.1,-29,6.4,-44.2,39.8,1109.7,24.45,94.3,,24.8,64.1,66.99
Canada1996,Canada,1996,3941,27706600,22686,14.22,510556786.4,Ottawa,1996,32.1,-26.9,5.8,-37.2,35.6,889.2,15.48,64.8,,23.2,67.8,67.62
Canada1997,Canada,1997,3681,28085100,23245,13.11,525253071.6,Ottawa,1997,33.1,-29.9,5.8,-42.9,34.3,827.4,19.73,46.4,,24,67.2,67.15
Canada1998,Canada,1998,3699,28372536,22268,13.04,534236497.5,Ottawa,1998,32.1,-25.9,8.4,-35.1,35,863.5,14.31,74.2,,25.2,68.3,66.98
Canada1999,Canada,1999,4074,28681643,23572,14.2,550043150.2,Ottawa,1999,35.1,-29,7.9,-40,37,917,17.34,51.8,,25.8,60.2,67.99
Canada2000,Canada,2000,3606,29008565,25589,12.43,572530740,Ottawa,2000,30.1,-26.9,6.2,-41.9,32,1102.7,19.54,76,,25.3,64.2,68.57
Canada2001,Canada,2001,3694,29262055,25165,12.62,564635320.1,Ottawa,2001,36.1,-22,7.8,-32.6,39.9,967.91,45.68,59.6,,23.3,58.5,73.25
Canada2002,Canada,2002,3650,29642114,25570,12.31,570885097.8,Ottawa,2002,35.1,-22,7.1,-31.9,39.5,1015.44,12.18,74.4,,22.1,55.5,70.31
Canada2003,Canada,2003,3765,29958833,29787,12.57,587596290.5,Ottawa,2003,33.1,-28.5,6.1,-42.4,35.4,1141.97,20.59,57.2,,21.6,54.4,71.05
Canada2004,Canada,2004,3613,30283966,33787,11.93,585832799.3,Ottawa,2004,30.1,-29.9,6,-43.7,31.4,972.67,13.6,51.8,,21.8,55.3,73.14
Canada2005,Canada,2005,3743,30597090,38218,12.23,576801628.7,Ottawa,2005,32.7,-27.6,7.2,-39,37.5,756.8,18.34,38.9,68.4,22,0.3,77.89
Canada2006,Canada,2006,3512,30902962,42566,11.36,570487642.1,Ottawa,2006,36.1,-21.4,7.9,-32.4,45.4,1356.71,16.12,53.6,104,20.9,60.1,73.66
Canada2007,Canada,2007,3611,31242631,46890,11.56,594140241.8,Ottawa,2007,33.9,-26.1,6.7,-41.6,38.8,1070.2,20.64,55.4,113,21.1,26,73.16
Canada2008,Canada,2008,3705,31588641,49041,11.73,574805870.6,Ottawa,2008,32.2,-26.2,6.5,-30.3,33.4,1096.49,28.71,44,,20.2,10.5,75.29
Canada2009,Canada,2009,3890,31937357,42933,12.18,540518686.7,Ottawa,2009,33.1,-28.8,6.3,-37.7,35.8,1059.74,28.76,41.9,123.9,20.8,10.8,73.53
Canada2010,Canada,2010,3951,32286140,49974,12.24,555459693.7,Ottawa,2010,34.9,-23,8.3,-32.3,37.7,1110,13.84,37,65.6,21.1,11,72.16
Canada2011,Canada,2011,3728,32615418,54841,11.43,560775900.5,Ottawa,2011,36.1,-29.9,7.8,-36.3,40.2,989.26,17.65,48.9,86.8,21.2,10.9,72.77
Canada2012,Canada,2012,3926,32961196,55347,11.91,563675200.3,Ottawa,2012,35.1,-23.9,8.2,-30.9,36.3,851.77,18.78,43.7,74.9,19.9,11.7,71.42
Canada2013,Canada,2013,4054,33314836,55310,12.17,568892395.7,Ottawa,2013,33.3,-28.8,6.5,-38.2,37.9,784.6,31.45,53.6,144.4,20.6,5.1,73.5
Chile1991,Chile,1991,787,11871000,3187,6.63,30942204.83,Santiago,1991,40.1,-3.3,14.4,-6.5,33,512.8,,116.6,,8.7,35.5,74.58
Chile1992,Chile,1992,658,12125000,3791,5.43,32057897.2,Santiago,1992,35.1,-5.9,13.9,-9,33.8,817.03,,100.1,,8.2,37.3,74.8
Chile1993,Chile,1993,740,12306400,4006,6.01,34163019.64,Santiago,1993,33.1,-4.8,14.1,-8.2,31.3,3175.5,,82.8,,7.6,33.1,71.09
Chile1994,Chile,1994,801,12526600,4551,6.39,37642356.15,Santiago,1994,34.1,-2.9,14.5,-4.2,31.9,2540.6,,110.9,,7.1,36.7,69.01
Chile1995,Chile,1995,930,12897643,5695,7.21,41090115.77,Santiago,1995,34.1,-2.9,14.6,-6.6,31.5,626.9,,59,,8,33.9,67.12
Chile1996,Chile,1996,917,13125089,5946,6.99,47628510.91,Santiago,1996,34.1,-5.8,14.5,-5.9,31.8,185.6,,110.9,,7.6,28.6,65.03
Chile1997,Chile,1997,910,13339550,6368,6.82,55450281.02,Santiago,1997,35.1,-1.9,15,-4,32.8,969.7,,92.5,,7.2,43.2,67.78
Chile1998,Chile,1998,1031,13543940,6023,7.61,56807225.79,Santiago,1998,36.1,-4.1,14.8,-5.9,34.3,78,,59.4,,7,41,66.74
Chile1999,Chile,1999,1041,13743882,5470,7.57,60907276.77,Santiago,1999,35.1,-3.3,14.3,-4.3,31.6,19.6,3.18,40.7,,7.5,38.8,69.91
Chile2000,Chile,2000,1473,13943575,5584,10.56,58113694.29,Santiago,2000,33.4,-2.9,14.4,-5.1,31.8,321.4,,43.2,,7.7,36.8,69.26
Chile2001,Chile,2001,1625,14139590,5020,11.49,52576557.22,Santiago,2001,34.1,-5.9,14.8,-7.1,33.4,292.5,,83.2,,8.1,40,67.63
Chile2002,Chile,2002,1603,14332840,4866,11.18,54490336.19,Santiago,2002,34.1,-1.9,14.5,-4,32,518.4,,43.2,,7.7,40.5,65.17
Chile2003,Chile,2003,1654,14523758,5208,11.39,54884195.52,Santiago,2003,36.1,-3.9,14.9,-5.6,34.6,468.4,,92.5,,7.7,34.1,63.86
Chile2004,Chile,2004,1735,14710993,6744,11.79,59047507.78,Santiago,2004,34.1,-2.9,14.8,-5.3,31.7,267.1,,79.6,,8,37.1,66.61
Chile2005,Chile,2005,1682,14893574,8256,11.29,60947142.8,Santiago,2005,35.8,-2.9,15.1,-5.1,35.3,522.01,,142,,7.9,40.4,68.53
Chile2006,Chile,2006,1795,15071596,10270,11.91,63971578.71,Santiago,2006,36,-1.9,15.3,-4,35,687.94,,33.5,,8.3,34.2,65.66
Chile2007,Chile,2007,1848,15245435,11387,12.12,70706929.91,Santiago,2007,34.1,-3.9,14,-6,32,161.05,,38.9,,8.3,30.7,64.3
Chile2008,Chile,2008,2088,15415661,11653,13.54,70818677.29,Santiago,2008,34.6,-0.9,15.2,-3.7,33.2,375.87,,71.2,,8.7,27.8,66.22
Chile2009,Chile,2009,2148,15584149,11062,13.78,65919858.48,Santiago,2009,34.1,-1.9,15.4,-5.1,31.6,294.77,,40.7,,8.9,30.2,62.08
Chile2010,Chile,2010,2001,15751851,13874,12.7,71329785.86,Santiago,2010,35.1,-3.9,14.6,-7.2,33.8,224.75,,37.1,,8.7,26.2,63
Chile2011,Chile,2011,2027,15910783,15854,12.74,78083781.19,Santiago,2011,34.1,-2.9,15,-5.1,32.2,149.23,,92.5,,8.8,25.6,61.22
Chile2012,Chile,2012,1841,16075247,16617,11.45,79703889.85,Santiago,2012,34.7,-1.9,15.6,-4.3,32.2,225.06,,40.7,,8.9,31.1,61.88
Chile2013,Chile,2013,1738,16242244,17140,10.7,81675970.15,Santiago,2013,36.1,-2.9,15.2,-5.1,33.8,139.81,,38.9,,8.6,27.2,60.78
Chile2014,Chile,2014,1789,16406867,15883,10.9,80977071.12,Santiago,2014,34.1,-0.9,15.2,-3.7,31.8,176.8,,37.1,,8.2,30.6,59.48
Colombia1991,Colombia,1991,1010,30584178,1348,3.3,56655254.46,Bogota,1991,33.4,-1.9,13.6,-1.7,34,2905.14,,105.5,,11.3,58.1,80.27
Colombia1992,Colombia,1992,1086,29615400,1664,3.67,61500346.84,Bogota,1992,32.1,0.1,13.7,-1.9,38,2222.12,,59.4,,10.8,57.7,78.36
Colombia1993,Colombia,1993,1085,30242200,1845,3.59,63336717.79,Bogota,1993,30.2,-0.9,13.6,1,35,3474.78,0,90.7,,11,62.6,80.31
Colombia1994,Colombia,1994,1198,30874600,2646,3.88,66709452.15,Bogota,1994,30.4,0.1,13.5,-0.6,32.2,3450.28,,76.6,,11,69.4,81.55
Colombia1995,Colombia,1995,1150,33090899,2796,3.48,58620256.85,Bogota,1995,31.2,-3.9,13.2,-4.6,33.6,2791.98,,86.4,,10.8,66.9,81.18
Colombia1996,Colombia,1996,1209,33703636,2883,3.59,59458523.67,Bogota,1996,27.1,-1.9,13,-2.8,28.8,2926.74,,72.4,,11.1,69.2,82.07
Colombia1997,Colombia,1997,1242,34338825,3106,3.62,63771230.47,Bogota,1997,31.4,0.1,13.6,-0.9,33.7,2417.26,,83.6,,11.4,70,79.99
Colombia1998,Colombia,1998,2052,34987039,2814,5.87,64613723.26,Bogota,1998,27,-24.3,14.2,-0.6,28.9,2179.91,,90.8,,10.5,70,78.63
Colombia1999,Colombia,1999,2143,35629408,2419,6.01,55027452.96,Bogota,1999,31.2,4.1,13.5,2.2,32.6,3329.62,3.77,163.1,,11.2,73.3,80.07
Colombia2000,Colombia,2000,2358,36252342,2755,6.5,56215715.58,Bogota,2000,31.4,0.8,13.1,-2.4,36.1,2617.13,,79.2,,11.4,72.2,80.13
Colombia2001,Colombia,2001,2412,36884428,2662,6.54,55251474.9,Bogota,2001,33.1,-1.9,13.4,-2.7,35.5,2521.67,12,97.2,,11.6,71.8,80.75
Colombia2002,Colombia,2002,2379,37478276,2613,6.35,54853226.55,Bogota,2002,34.2,1.1,13.9,-1.4,35.1,2701.86,,72,,11.6,72.5,79.36
Colombia2003,Colombia,2003,2269,38044513,2489,5.96,56728246.39,Bogota,2003,33.1,2.1,13.6,0.2,34.4,2516.06,,44.3,,11,72.8,79.25
Colombia2004,Colombia,2004,2244,38604716,3033,5.81,54551411.78,Bogota,2004,32.4,0.1,13.2,-2.5,33.7,1021.97,,93.6,,10.4,72.2,81.48
Colombia2005,Colombia,2005,2102,39172790,3742,5.37,60250755.21,Bogota,2005,34.1,2.1,13.5,0.6,35.9,2561.13,,72,,10.6,73,83.09
Colombia2006,Colombia,2006,2177,39708676,4095,5.48,62197352.72,Bogota,2006,25.1,3.1,13.3,1.9,,1409.67,,74.2,,10.6,71.4,83.33
Colombia2007,Colombia,2007,2181,40275206,5150,5.42,61571506.14,Bogota,2007,26.7,-1.9,13.1,-0.6,,1959.05,,85.3,,10.6,70.4,83.73
Colombia2008,Colombia,2008,2220,40859129,5971,5.43,67226517.13,Bogota,2008,44.1,2.1,13,1.7,36.9,126.05,,100.1,,10,67.2,86.35
Colombia2009,Colombia,2009,2249,41436173,5643,5.43,71851614.45,Bogota,2009,32.1,1.8,13.8,-0.9,34.3,20,,44.3,,10.4,67.4,79.37
Colombia2010,Colombia,2010,2107,41989103,6836,5.02,75300420,Bogota,2010,32.9,-0.9,14,-3.1,35.6,2787.06,,72,,11,72.7,81.39
Colombia2011,Colombia,2011,2044,42538305,7885,4.81,75743096.52,Bogota,2011,31.6,4.1,14,2.2,33.7,3260,,100.1,,11.3,73.1,80.17
Colombia2012,Colombia,2012,2119,43055864,8586,4.92,79350288,Bogota,2012,33.1,3.1,13.8,2.2,35.6,3482.68,0,74.2,,11.7,71.1,77.26
Colombia2013,Colombia,2013,2068,43546298,8731,4.75,89000052.05,Bogota,2013,34.1,1.1,14,-0.6,38.4,1546.42,,77.8,,10,66,76.38
Colombia2014,Colombia,2014,2126,44021800,8591,4.83,83415538.22,Bogota,2014,34.1,2.1,14.1,-0.2,35.2,243.48,,42.5,,9.5,64.6,76.11
Czech Republic1991,Czech Republic,1991,1904,9667500,3070,19.69,148512476.3,Prague,1991,32.7,-18.9,7.8,-27.6,34.4,273.66,4.87,61.2,,11.1,46.9,75.88
Czech Republic1992,Czech Republic,1992,1991,9681900,3573,20.56,144074218.8,Prague,1992,35.1,-12,9.2,-17.9,34.8,234.69,4.38,79.6,,12.1,45.8,74.21
Czech Republic1993,Czech Republic,1993,1917,9703400,4186,19.76,137962666.6,Prague,1993,31.8,-18.9,8.1,-25.1,30.7,507.12,6.94,82.8,,10.5,46.1,74.95
Czech Republic1994,Czech Republic,1994,1872,9723700,4891,19.25,131532508.7,Prague,1994,36.1,-13.9,9.6,-23.2,34.2,329.71,3.51,73.2,,12,50.8,75.16
Czech Republic1995,Czech Republic,1995,1733,9744300,6134,17.78,131972060.9,Prague,1995,33.1,-14.9,8.7,-21.5,33.5,343.73,3.04,54,,11.7,56.8,78.28
Czech Republic1996,Czech Republic,1996,1568,9763900,6861,16.06,134648713.8,Prague,1996,29.9,-22.9,6.9,-28.7,30.4,383.04,3.38,50.4,,10.6,60.7,80.49
Czech Republic1997,Czech Republic,1997,1666,9786700,6314,17.02,130849714.1,Prague,1997,31.3,-14.9,9.4,-22.7,31.6,487.51,9.25,70.2,,15.4,58.6,75.47
Czech Republic1998,Czech Republic,1998,1613,9808300,6779,16.45,125125662.6,Prague,1998,34.7,-16.1,7.5,-21.9,35.4,577.67,2.34,54,,19.6,69.5,77.63
Czech Republic1999,Czech Republic,1999,1610,9819215,6606,16.4,116441581.7,Prague,1999,33.7,-15.4,9.3,-20.6,33.5,198.1,3.31,57.2,,20.8,68,75.71
Czech Republic2000,Czech Republic,2000,1649,9819742,6278,16.79,126896914.3,Prague,2000,34.1,-13.5,10,-18.5,32.8,839.96,2.36,55.4,,21,67.1,75.36
Czech Republic2001,Czech Republic,2001,1623,9838083,6863,16.5,126666372.5,Prague,2001,31,-13.1,8.7,-19.9,31.3,1020.52,4.83,50.4,,19.6,69,82.13
Czech Republic2002,Czech Republic,2002,1534,9752463,8399,15.73,123598029.5,Prague,2002,32.2,-15.9,9.5,-19.4,33,1195.15,4.99,72,,19.1,66.8,79.47
Czech Republic2003,Czech Republic,2003,1719,9748550,10220,17.63,127048374.1,Prague,2003,35.7,-14.2,9.3,-17.3,34,599.55,1.99,43.4,,21.2,57.4,71.92
Czech Republic2004,Czech Republic,2004,1583,9746647,12226,16.24,127759325.4,Prague,2004,32.1,-20.4,9.2,-22.1,30.4,478.92,6.48,57.6,,19,62.5,75.06
Czech Republic2005,Czech Republic,2005,1565,9761733,13961,16.03,125294530.7,Prague,2005,35.3,-13.5,9.2,-19.1,37.8,480.31,6.67,50,90,15.7,57.7,77.44
Czech Republic2006,Czech Republic,2006,1400,9780319,15896,14.31,126380290.9,Prague,2006,33.6,-16.4,9.6,-19.5,31.9,480.87,3.96,40.7,187.2,15.6,55.6,77.07
Czech Republic2007,Czech Republic,2007,1379,9818295,19273,14.05,128180733.9,Prague,2007,36.6,-9.1,10.7,-14.2,35.5,513.52,7.85,79.6,165.6,21,60.4,71.21
Czech Republic2008,Czech Republic,2008,1379,9899594,23811,13.93,122933867.9,Prague,2008,33.1,-9.5,10.7,-14.7,31.7,433.57,3.48,49.9,,20.9,63,72.13
Czech Republic2009,Czech Republic,2009,1464,9937407,20748,14.73,115255283.6,Prague,2009,35.9,-14.7,10.3,-24.2,38.6,473.96,5.52,46.4,334.8,20,64.5,72.68
Czech Republic2010,Czech Republic,2010,1502,9945273,20862,15.1,117495552.1,Prague,2010,35.5,-18,8.9,-22.1,35.3,678.17,16.55,46,331.2,18.9,64.9,73.83
Czech Republic2011,Czech Republic,2011,1590,9906318,23010,16.05,115023302.1,Prague,2011,33.1,-13.9,10.5,-18.4,35.1,491.59,5.55,45.9,92.4,20.5,56.1,72.02
Czech Republic2012,Czech Republic,2012,1658,9923127,20898,16.71,110914080.3,Prague,2012,38.3,-20.1,10.6,-25.6,36.9,527.19,4.25,49.8,93.6,21.3,56.9,70.87
Czech Republic2013,Czech Republic,2013,1577,9936780,21073,15.87,106401191.6,Prague,2013,38,-16.2,9.8,-17.2,39.9,656.36,6.14,70.3,110.2,19,63.4,74.39
Czech Republic2014,Czech Republic,2014,1489,9963127,20859,14.95,104060306.6,Prague,2014,35.4,-13.6,11,-17.7,34.3,751.43,2.3,42.7,74.7,18.2,63.2,74.56
Denmark1994,Denmark,1994,999,4874900,32034,20.49,64715175.9,Copenhagen,1994,31,-11.9,8.9,-13.8,30.6,40.64,,58.4,,9.4,55.6,78.33
Denmark1995,Denmark,1995,924,4889100,37841,18.9,61628495.15,Copenhagen,1995,28.2,-14.9,8.3,-20.4,28.7,19.89,,59.8,,9.2,52.6,76.99
Denmark1996,Denmark,1996,892,4917300,38158,18.14,74877499.12,Copenhagen,1996,27.1,-18.9,6.9,-23.6,27.7,25.2,,66.2,,8.8,53.8,80.83
Denmark1997,Denmark,1997,817,4937300,35148,16.55,65469575.91,Copenhagen,1997,29.1,-16.9,8.2,-23.3,30.6,82.11,,65.7,,9.2,50.3,81.46
Denmark1998,Denmark,1998,763,4956400,35710,15.39,61229414.93,Copenhagen,1998,24.1,-11.9,8.1,-17.9,,397.35,99,57.5,,9.2,58.3,85.05
Denmark1999,Denmark,1999,762,4976200,35763,15.31,58649506.28,Copenhagen,1999,28,-14.9,8.7,-18.6,27.8,497.48,2.91,89.7,,9.4,53.9,85.44
Denmark2000,Denmark,2000,728,4998610,32841,14.56,54307550.56,Copenhagen,2000,30.9,-12.4,9.3,-17.8,31.5,1434.79,,69.7,,11,45.8,84.74
Denmark2001,Denmark,2001,727,5018451,32837,14.49,55880752.14,Copenhagen,2001,29.8,-12.4,8.5,-18.4,31.9,1116.42,,65.7,,10.4,41.7,83.75
Denmark2002,Denmark,2002,688,5041222,35435,13.65,55551688.18,Copenhagen,2002,28.6,-10.8,9.2,-16.8,30.5,995.27,,78.6,,10,37.8,82.34
Denmark2003,Denmark,2003,633,5056783,43129,12.52,60635258.35,Copenhagen,2003,26.9,-14.7,8.7,-19.1,27.5,966.31,,55,,9.9,34,80.41
Denmark2004,Denmark,2004,661,5072927,49552,13.03,55110133.46,Copenhagen,2004,26.8,-11.8,8.6,-16,26.8,699.31,,49.7,,10.3,33.3,81.37
Denmark2005,Denmark,2005,631,5089852,51960,12.4,51532074.05,Copenhagen,2005,28.6,-13.5,9.1,-17.5,27.8,1102.67,,68.4,140.8,14.1,22.1,80.35
Denmark2006,Denmark,2006,650,5110460,55354,12.72,59438879.3,Copenhagen,2006,28.6,-9.9,9.7,-16.4,28.5,1055.43,,53.5,90.7,12.3,25.5,81.17
Denmark2007,Denmark,2007,581,5133001,62229,11.32,54657107.28,Copenhagen,2007,28.6,-6.8,9.9,-12.9,27.7,1054.36,,61.3,103.7,11,33.3,79.99
Denmark2008,Denmark,2008,603,5162525,68447,11.68,51210598.01,Copenhagen,2008,28.3,-5.8,9.9,-11.4,27.7,723.74,,52.6,,11,30.4,77.78
Denmark2009,Denmark,2009,622,5192790,61863,11.98,48823493.8,Copenhagen,2009,28.3,-8.9,9.5,-13,28.1,693.39,,65.8,205.2,11.4,31.4,79.76
Denmark2010,Denmark,2010,563,5217785,61711,10.79,49292274.56,Copenhagen,2010,29.1,-12.3,7.8,-18,30.4,808.64,,44.9,162,10.8,32.5,83.03
Denmark2011,Denmark,2011,589,5244150,65598,11.23,44315542.97,Copenhagen,2011,26,-7.2,9.5,-13.2,,855.1,,66.1,219.6,10.1,29.8,81.96
Denmark2012,Denmark,2012,661,5270539,62071,12.54,39880858.08,Copenhagen,2012,29.6,-11.4,8.9,-17.8,30.4,642.23,,50.4,190.8,12.3,30.5,79.05
Denmark2013,Denmark,2013,610,5299698,64831,11.51,41825053.93,Copenhagen,2013,28.4,-9.5,9,-14.8,29.6,526.9,,73.5,167.7,16.9,28,78.76
Denmark2014,Denmark,2014,629,5339166,66114,11.78,37623532.41,Copenhagen,2014,28.8,-7.6,10.4,-15.2,28.5,1373.59,,59.2,95.2,16.9,31.3,80.29
Finland1991,Finland,1991,1493,4698500,27214,31.78,55225267.32,Helsinki,1991,28.1,-22.9,5.8,-29.2,28.1,0,5.58,64.6,,10.5,54.6,83.14
Finland1992,Finland,1992,1451,4720900,23857,30.74,54280474.65,Helsinki,1992,30.1,-19.9,6,-24.6,30.1,0,6.47,63.9,,11,56.1,80.23
Finland1993,Finland,1993,1397,4741000,18826,29.47,56348524.02,Helsinki,1993,27.1,-18.9,4.9,-27.7,26.4,0,5.1,139.6,,11.4,51.1,75.66
Finland1994,Finland,1994,1387,4761600,21699,29.13,61711568.31,Helsinki,1994,32.1,-26.9,5,-34,31.3,15,11.44,65,,13.4,53.4,78.25
Finland1995,Finland,1995,1388,4781300,28068,29.03,58141560,Helsinki,1995,28.1,-27.9,5.9,-29.2,28.3,0,5.47,79.6,,14.2,53.9,80.2
Finland1996,Finland,1996,1247,4802200,27508,25.97,64058350.01,Helsinki,1996,27.1,-26.9,4.7,-32,26.6,0,16.28,62.9,,13,53.9,80.97
Finland1997,Finland,1997,1322,4823200,26296,27.41,62718271.1,Helsinki,1997,30.1,-20,5.5,-28.5,28.6,0,7.15,62.8,,14.5,52.6,77
Finland1998,Finland,1998,1228,4844673,27646,25.35,59375064.98,Helsinki,1998,27.1,-20.9,5.3,-29.5,27.7,0,4.73,64.5,,12.2,57.7,80.69
Finland1999,Finland,1999,1207,4864255,27800,24.81,58898261.66,Helsinki,1999,29.4,-28.9,6.4,-36.9,28.8,471.38,10.63,44.3,,10.7,53.3,77.34
Finland2000,Finland,2000,1165,4881820,25716,23.86,57041531.95,Helsinki,2000,28.1,-20.6,7,-24.3,27.8,1453.38,4.01,44.3,,11.4,58,78.77
Finland2001,Finland,2001,1204,4898983,26383,24.58,62539274.13,Helsinki,2001,28.1,-25.2,5.6,-37,28.4,1411.02,8.01,65,,11.2,57.1,78.58
Finland2002,Finland,2002,1095,4915614,28390,22.28,65061819.8,Helsinki,2002,28.1,-26.6,5.8,-34.6,27.7,812.05,6.42,64.8,,11.8,49.5,75.33
Finland2003,Finland,2003,1075,4929856,34701,21.81,72658369.77,Helsinki,2003,30.4,-30.9,5.3,-34.3,30.8,1100.28,12.55,56.3,,11.2,53.6,79.23
Finland2004,Finland,2004,1064,4944765,39793,21.52,68961595.52,Helsinki,2004,28.4,-22.9,5.6,-28.9,28.6,1476,21.03,52.6,,11.2,56.1,80.88
Finland2005,Finland,2005,994,4961784,41202,20.03,57045015.54,Helsinki,2005,28.7,-22.9,6.1,-27.1,28.2,1134.5,9.76,56.4,,11.1,51.9,80.38
Finland2006,Finland,2006,1062,4979740,43487,21.33,68379818.2,Helsinki,2006,29.7,-25.4,6.3,-32.4,28.4,1173.1,10.94,59.8,,10.8,47.2,79.1
Finland2007,Finland,2007,995,4998853,51089,19.9,66755662.84,Helsinki,2007,27.5,-24.9,6.6,-32.6,28,1334.5,9.42,54.6,,11.4,52.1,81.04
Finland2008,Finland,2008,1033,5020096,56521,20.58,58608815.58,Helsinki,2008,26.7,-10.6,7.6,-17.3,,837.31,5.15,65.2,,27.7,59.9,78.63
Finland2009,Finland,2009,1034,5042316,49878,20.51,55818226.93,Helsinki,2009,27.9,-18.2,6.2,-22.9,27.2,592.8,14.56,41.6,,29,56.2,79.69
Finland2010,Finland,2010,954,5063494,48939,18.84,63991753.14,Helsinki,2010,29.9,-22.5,5.1,-32.2,31.2,682.8,41.71,38.7,,26.4,57.7,81.31
Finland2011,Finland,2011,912,5085985,53809,17.93,56544141.87,Helsinki,2011,28.5,-23.7,7.2,-31.2,28.6,777.54,48.46,53.9,,29.1,51,80.72
Finland2012,Finland,2012,873,5110450,50232,17.08,51111890.38,Helsinki,2012,26.4,-26.2,6.1,-31.8,,877.4,28.68,43,,26.8,35.8,80.24
Finland2013,Finland,2013,887,5135433,52572,17.27,51901569.29,Helsinki,2013,28.2,-20.5,7.3,-26.4,28.8,563.38,31.85,52.5,,21,23.7,77.78
Finland2014,Finland,2014,789,5159944,52832,15.29,47799653.47,Helsinki,2014,29.4,-19.6,7.6,-24.7,29.2,646.38,7.42,49.2,,24.8,19,77.38
France1991,France,1991,11502,53282900,23821,21.59,428649453.8,Paris,1991,34.3,-12.3,11,-20.8,39.5,599.23,1.15,58,,9.7,41.2,79
France1992,France,1992,11644,53622300,26136,21.71,418445165.7,Paris,1992,34.5,-5.9,11.5,-11.2,34.5,886.97,,68.4,,10,49.1,82.38
France1993,France,1993,12251,53945400,24521,22.71,398644805.8,Paris,1993,30.5,-8.9,11,-14.3,32,964.9,0.5,66.6,,9.3,53.1,79.11
France1994,France,1994,12041,54247100,25697,22.2,393394915.3,Paris,1994,35.5,-8.9,12.4,-12.8,36.1,657.4,1,59.4,,9.7,54.4,76.99
France1995,France,1995,11819,54528500,29363,21.67,400563852.3,Paris,1995,36.1,-5.9,12.2,-11.9,38.2,689.1,2,64.8,,9.5,49.3,76.5
France1996,France,1996,11279,54791600,29305,20.59,416189552.7,Paris,1996,33.1,-9.9,10.8,-16.6,33.1,495.9,4.71,46.4,,9.5,52.2,74.34
France1997,France,1997,11139,55045500,26394,20.24,409449878.4,Paris,1997,33.1,-11.9,12.2,-19.9,33.5,674.8,1.96,59.4,,9.6,47.8,75.11
France1998,France,1998,10534,55280700,27190,19.06,429788966.1,Paris,1998,36.5,-8,11.4,-11.4,35.7,717.4,,55.4,,9.9,54.6,76.66
France1999,France,1999,10268,55043393,27118,18.65,425674650.1,Paris,1999,32.2,-4.9,12.3,-8.8,33.2,1173.76,3.82,68.6,,13.6,47.7,77.2
France2000,France,2000,10849,55267624,24648,19.63,420652709.4,Paris,2000,32.3,-6.5,12.3,-8.6,32.2,2122.32,,54.7,,14.8,44.7,76.22
France2001,France,2001,10449,55511272,24796,18.82,425882460.6,Paris,2001,34.4,-4.4,11.9,-11.7,34.5,1296.72,41.88,43,,14.5,44.2,75.68
France2002,France,2002,10643,55935517,26714,19.03,420919498.2,Paris,2002,34.1,-5.4,12.5,-9.1,37.1,896.02,215,61.5,,15.7,44.8,75.05
France2003,France,2003,10871,56360402,32656,19.29,428002759.9,Paris,2003,39.1,-8.2,12.7,-14.7,38.8,576.08,1.42,57.2,,17.5,39,70.76
France2004,France,2004,10804,56813922,37240,19.02,428927747.1,Paris,2004,33,-6,12,-8.6,32.6,681.15,2.01,53.6,,17.3,44.4,73.66
France2005,France,2005,10713,57160687,38420,18.74,432639271.3,Paris,2005,34.2,-6,12.4,-12,34.2,489.03,3.85,31.6,72.4,17.6,35.6,73.37
France2006,France,2006,10423,57824447,40097,18.03,422101255.2,Paris,2006,36.1,-4.8,12.6,-10.1,35.9,656.45,1.28,41.1,94.8,16.1,36.2,73.76
France2007,France,2007,10127,58167011,45682,17.41,412898356.6,Paris,2007,33.1,-3.8,12.6,-8,32.9,735.08,1,45,94.7,13.9,34.8,72.75
France2008,France,2008,10353,58482967,49901,17.7,406790823,Paris,2008,33.7,-3.3,12.1,-8.1,33.9,603.03,0.67,40.7,,19.7,35.4,73.63
France2009,France,2009,10499,58770727,45775,17.86,386942089.4,Paris,2009,35.3,-9.1,12.3,-15.1,36,542.47,2.2,41.1,91.5,16.9,32.4,73.59
France2010,France,2010,10379,59056283,44747,17.57,397900468.6,Paris,2010,34.5,-5.9,11.4,-12.7,33.8,674.05,2.66,49,122,22.9,36.9,69.52
France2011,France,2011,10408,59344643,48217,17.54,372792615.7,Paris,2011,36.3,-4,13.3,-8.3,36.2,517.37,,37.4,94,19.1,27.9,68.59
France2012,France,2012,9743,59638457,45002,16.34,374112621.7,Paris,2012,38,-8.5,12.3,-16.2,37.8,643.96,0.14,38.6,92.5,18,11.1,70.3
France2013,France,2013,9600,59910069,46922,16.02,374258601.9,Paris,2013,35.4,-5.8,11.8,-10.7,34.7,519.32,0.01,38.7,77.8,15.5,8.8,72.3
France2014,France,2014,8881,60275954,47318,14.73,343572632.5,Paris,2014,35,-5.6,13.1,-8,37.2,712.16,1,43,83.5,15.7,9.6,75.05
Germany1991,Germany,1991,14010,75495900,24662,18.56,1014972286,Berlin,1991,34.6,-13,9.4,-22.6,34.7,887.56,8.08,83.6,,11.2,42.8,73.15
Germany1992,Germany,1992,13458,76131700,27888,17.68,966705828.7,Berlin,1992,37.7,-9.7,10.9,-20,37.8,1285.64,44.26,95.6,,14.1,17.5,69.35
Germany1993,Germany,1993,12690,76793400,26937,16.52,956994179.8,Berlin,1993,50.1,-16.3,8.3,-26.6,30.7,3832.7,4.74,63,,9.2,20,78.84
Germany1994,Germany,1994,12718,77163400,28588,16.48,940407989.4,Berlin,1994,36.7,-13.3,9.2,-25.3,34.3,735.8,2.11,61.2,,9.2,11.9,75.28
Germany1995,Germany,1995,12888,77547500,33420,16.62,940086746,Berlin,1995,33.4,-14.8,8.3,-23.6,32.8,533.2,7.3,57.2,,8.9,11.5,77.98
Germany1996,Germany,1996,12225,77882500,32147,15.7,960174299.5,Berlin,1996,31.9,-18.9,6.3,-27.7,31.8,350.9,5.3,51.8,,8.6,11.6,80.24
Germany1997,Germany,1997,12256,78067900,28420,15.7,932347358.9,Berlin,1997,30.9,-18.9,8.3,-27.3,31.1,562.9,2.93,66.6,,10.1,13.3,78.17
Germany1998,Germany,1998,11654,78071100,28733,14.93,924404529.9,Berlin,1998,33.2,-13.3,8.6,-19.9,31.8,1005.8,5.95,53.6,,10.5,14.6,79.98
Germany1999,Germany,1999,11160,78141200,28154,14.28,896882683.4,Berlin,1999,33.9,-10.9,9.2,-13.6,34,423,6,29.5,,10.8,13.8,78.23
Germany2000,Germany,2000,11073,78242066,24922,14.15,900960091.2,Berlin,2000,35.2,-10.6,9.5,-15.8,33.7,601.7,4.82,27.7,,10.7,12.2,82.37
Germany2001,Germany,2001,11167,78421514,24874,14.24,917476828.5,Berlin,2001,33.2,-12.3,8.3,-19.1,33.7,1137.4,9.27,57.6,,10,36.3,86.78
Germany2002,Germany,2002,11176,78633771,26441,14.21,900955099.1,Berlin,2002,32.4,-15.1,8.7,-22.8,33.1,830.2,14.36,64.8,,10.2,52.9,86.32
Germany2003,Germany,2003,11155,78756461,31816,14.16,901969864.6,Berlin,2003,34.4,-16.9,9.2,-25.1,32.7,371.44,7.67,71.3,,11.1,39,78.26
Germany2004,Germany,2004,10741,78811814,35772,13.63,887996509.2,Berlin,2004,29.6,-11.3,8.5,-18.2,28.9,474.2,5.05,108,,11,50,85.12
Germany2005,Germany,2005,10270,78851254,36289,13.02,867223505.9,Berlin,2005,33,-11,10.1,-17.2,31.8,0,,49.6,,9.7,43.4,75.92
Germany2006,Germany,2006,9775,78828994,38088,12.4,878747131.4,Berlin,2006,35.8,-17.4,10.8,-25,33.6,0,,45.5,,9.6,40.7,74.3
Germany2007,Germany,2007,9409,78776585,43667,11.94,852096162.2,Berlin,2007,36.1,-7,11,-13,35.2,0,,54,,10,48,75.98
Germany2008,Germany,2008,9459,78662789,47702,12.02,854420962.4,Berlin,2008,0.7,0.7,0.7,-3,,0,,12.3,,1.3,90,93.37
Germany2009,Germany,2009,9579,78448602,43570,12.21,789963521.6,Berlin,2009,32.1,-17.6,10.2,-23.9,30.5,0,,49.1,,9.5,44.9,73.49
Germany2010,Germany,2010,10030,78349067,43614,12.8,833684918,Berlin,2010,37.1,-18.1,8.8,-25,35.6,0,,54.6,,9.4,50.4,74.38
Germany2011,Germany,2011,10153,78371140,47947,12.96,810802325.3,Berlin,2011,32.1,-12.3,10.7,-18.1,31.7,0,,51.9,,9.7,40.3,72.4
Germany2012,Germany,2012,9896,78508115,45142,12.61,815197408.6,Berlin,2012,35.1,-18.3,10,-24.2,35.1,0,,50,,9.7,44.5,74.47
Germany2013,Germany,2013,10091,77270988,48563,13.06,832642995.5,Berlin,2013,34.1,-12.8,9.9,-17.5,33.7,0,,55,,9.1,32.1,75.56
Germany2014,Germany,2014,10217,77552369,50167,13.17,793635843.4,Berlin,2014,33.9,-13.8,11.4,-23.8,32.2,0,,46.4,,9,41.9,74.33
Ireland1991,Ireland,1991,345,3252100,15328,10.61,33606745.97,Dublin,1991,24,-5.4,9.8,-11.4,,344.86,4.6,80,,22.1,69.5,80.04
Ireland1992,Ireland,1992,362,3283400,17051,11.03,33417982.65,Dublin,1992,23.3,-4.7,9.9,-8.6,,353.79,2.5,58.9,,25.2,68.6,79.74
Ireland1993,Ireland,1993,326,3306500,15872,9.86,33649184.97,Dublin,1993,22.5,-1.6,10.7,-6.9,,546.2,41,83.2,,26.4,74.9,80.85
Ireland1994,Ireland,1994,394,3326000,17188,11.85,34772191.86,Dublin,1994,21.5,-2.7,9.5,-9,,618.14,2.71,64.3,,25.8,75,84.58
Ireland1995,Ireland,1995,403,3345900,20689,12.04,35794378.76,Dublin,1995,27.2,-7.3,10.1,-10.1,27.3,707.71,5,88,,26.6,70.8,85
Ireland1996,Ireland,1996,408,3375800,22478,12.09,37410959.7,Dublin,1996,23.8,-4.4,9.1,-8.5,,653.78,2.86,58.9,,25.1,75.2,86.98
Ireland1997,Ireland,1997,466,3414285,24259,13.65,38752357.22,Dublin,1997,23.5,-3.7,10.1,-4.5,,348.25,4.48,44.3,,23.9,74.8,85.62
Ireland1998,Ireland,1998,498,3449415,26115,14.44,40650102.4,Dublin,1998,23.5,-4.2,10,-7.4,,390.29,1,75.6,,25.8,75.9,86.63
Ireland1999,Ireland,1999,424,3481871,28344,12.18,42377781.15,Dublin,1999,25.2,-5.4,10,-10.7,,253.23,3.4,68.4,,26.6,73.9,83.94
Ireland2000,Ireland,2000,463,3523376,28340,13.14,45193952.6,Dublin,2000,25.1,-6.9,9.5,-13.6,,1108.27,4.7,68.4,,26.1,73,83.04
Ireland2001,Ireland,2001,488,3573974,30536,13.65,47557354.23,Dublin,2001,26.2,-7,9.4,-12.4,,948.75,4.75,61.2,,27.1,72.1,82.73
Ireland2002,Ireland,2002,449,3639573,35154,12.34,46034585.94,Dublin,2002,22.5,-5.4,10,-7,,1282.28,5,81.9,,25.9,76.7,82.95
Ireland2003,Ireland,2003,454,3694079,44473,12.29,45639123.35,Dublin,2003,25.7,-4.9,10,-7.8,,927.59,136.5,57.6,,27.4,71.5,82.08
Ireland2004,Ireland,2004,464,3752679,51662,12.36,46129741.06,Dublin,2004,24.4,-6.3,9.9,-10.1,,912.09,1,74.7,,29.3,74.9,82.67
Ireland2005,Ireland,2005,451,3833357,55213,11.77,48104566.61,Dublin,2005,24.4,-3.1,10.1,-7.5,,627.1,,86.4,100.8,29.4,77.7,82.81
Ireland2006,Ireland,2006,452,3937578,58941,11.48,47550194.52,Dublin,2006,26.8,-5.5,10.3,-10.9,27,748.79,,73.8,112,28.4,74.2,81.71
Ireland2007,Ireland,2007,458,4026707,67032,11.37,47622946.16,Dublin,2007,22.3,-4,10.3,-7.6,,849.66,3.67,92.7,97.2,28.3,74,82.8
Ireland2008,Ireland,2008,506,4094192,67173,12.36,47300105.44,Dublin,2008,22.3,-6,9.5,-9.4,,1012.95,,77.4,,28,75.5,82.89
Ireland2009,Ireland,2009,527,4117667,57390,12.8,42108507.15,Dublin,2009,24.5,-6.5,9.6,-10.7,,969.47,5.32,68.3,109.8,29.3,74.9,84.95
Ireland2010,Ireland,2010,486,4264857,52042,11.4,41679517.5,Dublin,2010,23.1,-11.8,8.5,-18.3,,709.37,5.74,66.6,102.6,29.1,73.1,84.86
Ireland2011,Ireland,2011,554,4218849,56655,13.13,38009303.68,Dublin,2011,23.9,-5.5,10.1,-9.6,,735.69,1,66.7,104.4,29.3,74.8,83.29
Ireland2012,Ireland,2012,542,4220806,53443,12.84,38194753.69,Dublin,2012,23.1,-4.9,9.4,-8.1,,888,0,68.5,109.8,28.8,75.9,84.88
Ireland2013,Ireland,2013,487,4227378,56628,11.52,37182847.4,Dublin,2013,26.2,-4.6,9.6,-10.1,,577.92,1.73,70.9,115.2,18,72,82.71
Ireland2014,Ireland,2014,486,4328043,59634,11.23,36681624.84,Dublin,2014,24.1,-3.2,10.2,-7,,32.1,,82.2,79.2,9.6,71.2,83.47
Italy1991,Italy,1991,4453,54465500,22805,8.18,440094422.4,Rome,1991,33.8,-2.7,15.5,-6.5,34.8,856.93,,153.5,,8.5,5.9,69.86
Italy1992,Italy,1992,4543,54154898,24297,8.39,439210414.2,Rome,1992,35.8,-0.5,16.4,-4.2,39.4,875.29,,59,,8.4,13.1,69.43
Italy1993,Italy,1993,4697,54140523,19605,8.68,431600973.5,Rome,1993,40.1,-3.7,15.9,-9.9,47.9,541.3,0,61.2,,8.7,31.1,72.76
Italy1994,Italy,1994,4536,54143049,20235,8.38,425490635.3,Rome,1994,37.7,-4.6,16.7,-10.1,41.8,545.7,,73.8,,9.3,33.7,74.64
Italy1995,Italy,1995,4569,54141172,21625,8.44,451978906.6,Rome,1995,35.9,-4.6,15.5,-7.1,39.8,186.6,12.5,53.7,,9.5,37.3,74.98
Italy1996,Italy,1996,4689,54150332,24172,8.66,444561573.8,Rome,1996,34.1,-4.9,15.3,-9.5,37.9,0,,52.2,,9.3,40.5,76.94
Italy1997,Italy,1997,4694,54181477,22869,8.66,449465620.7,Rome,1997,34.8,-0.8,16.3,-3.5,36.7,0,,54.7,,9.3,37,73.63
Italy1998,Italy,1998,4504,54250592,23342,8.3,460240327.6,Rome,1998,37.7,-3.9,16.1,-6.3,40.3,1,,112.6,,9.3,33.4,75.78
Italy1999,Italy,1999,4115,54280527,23002,7.58,464601452.9,Rome,1999,37,-2.9,16,-9.5,40.5,69.7,2.91,59.4,,9.3,34.8,77.34
Italy2000,Italy,2000,4108,54298946,21027,7.57,470767746.9,Rome,2000,38.7,-4.7,16.3,-7.6,43.4,1304.39,5,55.1,,9.3,37,76.45
Italy2001,Italy,2001,4030,54333844,21392,7.42,476201869.1,Rome,2001,36,-4.7,16.3,-10,39.4,1453.09,,71.3,,10.3,34.5,73.95
Italy2002,Italy,2002,4069,54526842,23227,7.46,477709338.5,Rome,2002,35.8,-6.6,16.3,-13.3,42.1,2246.9,1,59.4,,9.7,40.4,75.44
Italy2003,Italy,2003,4075,54937570,28572,7.42,491480723.9,Rome,2003,38.9,-3.9,16.9,-5.7,43.6,1458.52,,53.8,,9.9,32.8,69.19
Italy2004,Italy,2004,3986,54988156,32704,7.25,495527786,Rome,2004,36.8,-4.8,16,-7.2,37.7,2053.19,,56.9,,9.4,41.7,73.2
Italy2005,Italy,2005,3742,55244690,33536,6.77,495234014.9,Rome,2005,38.7,-3.7,15,-6.4,40.4,2102.67,7,45.9,,9.8,24.6,70.2
Italy2006,Italy,2006,3700,56180672,34578,6.59,489749969.4,Rome,2006,36.2,-3.1,15.5,-4.3,40.7,975.74,,37.2,,9.5,15.9,74.21
Italy2007,Italy,2007,3757,56583578,38935,6.64,480491585.7,Rome,2007,40,-4.1,15.8,-6.5,40.9,952.08,,32.9,,10.2,16.3,72.47
Italy2008,Italy,2008,3904,57009825,41935,6.85,468062059.9,Rome,2008,34.7,-4.9,16,-6.7,37.2,1325.96,,42.4,,9.9,25.5,72.63
Italy2009,Italy,2009,3974,57351830,38101,6.93,415932393.3,Rome,2009,37.8,-2.9,16.5,-7.8,41.1,1861.1,,68.2,,10.4,28.7,71.24
Italy2010,Italy,2010,3989,57637843,36869,6.92,424873161.2,Rome,2010,38.1,-4.9,16.2,-7.7,48,1771.93,,50.3,,10.1,37.3,73.44
Italy2011,Italy,2011,4153,56610149,40210,7.34,413431505.5,Rome,2011,37.9,-2.8,16.3,-4.9,37.4,1035.26,,41.8,,9.8,25.2,72.47
Italy2012,Italy,2012,4257,56795085,36497,7.5,391990364.4,Rome,2012,38.8,-4.9,16.4,-7.4,38.8,926.34,2.5,58.3,,9.9,24.8,72.55
Italy2013,Italy,2013,4290,57503331,37050,7.46,363399902.1,Rome,2013,37.7,-1.9,16,-4.6,42.6,1457.12,,48,,10.4,29.8,76.16
Italy2014,Italy,2014,4147,58100676,37035,7.14,348476240.1,Rome,2014,33.8,-1.6,16.5,-6.5,35.5,2030.59,,48.6,,10,30.2,75.02
Japan1991,Japan,1991,19780,116802000,30688,16.93,1167040517,Tokyo,1991,34.9,0.1,17.4,-4.3,40.7,2,1,50,,10.3,28.7,65.75
Japan1992,Japan,1992,20756,117311000,33320,17.69,1176942570,Tokyo,1992,34.5,0.1,16,-6.8,40.2,0,8.5,64.6,,10.8,24.5,63.64
Japan1993,Japan,1993,20353,117735000,37832,17.29,1170196733,Tokyo,1993,32.2,0.9,15.5,-3.3,36,20,,94.3,,11.7,25.5,63.46
Japan1994,Japan,1994,20744,118064000,41563,17.57,1225173421,Tokyo,1994,37.4,-1.6,16.9,-6.4,43,713,8.87,40.7,,11.1,24.1,61.79
Japan1995,Japan,1995,21249,118349500,46043,17.95,1237852824,Tokyo,1995,35.6,-0.9,16.3,-4.2,42.3,0,,52.4,,11,21.6,60.5
Japan1996,Japan,1996,21967,118785000,40693,18.49,1249875688,Tokyo,1996,37.1,-0.9,15.8,-6.9,43.6,0,3.25,54.7,,9.8,21.9,63.05
Japan1997,Japan,1997,23280,119060000,37080,19.55,1243367132,Tokyo,1997,35.8,-1.9,16.7,-8.5,41,7,,46.1,,9.8,21.5,63.22
Japan1998,Japan,1998,31458,119338000,33791,26.36,1203710533,Tokyo,1998,34.6,-0.3,16.8,-6.7,42.2,0,4.64,42.5,,9.5,24.2,68.24
Japan1999,Japan,1999,31115,119540000,38164,26.03,1239840120,Tokyo,1999,33.8,-1.3,17.1,-7.2,40.3,266.9,3.39,42.9,,11.3,22.5,62.79
Japan2000,Japan,2000,29989,119752660,40813,25.04,1262734462,Tokyo,2000,35.9,0.1,16.8,-5.1,43,1704.9,,46.9,,11.4,21.8,60.35
Japan2001,Japan,2001,29132,120066000,35843,24.26,1248087424,Tokyo,2001,37,-2.1,15.9,-7,46,1596.3,,88.9,,11.9,24.6,58.97
Japan2002,Japan,2002,29715,120189000,34239,24.72,1277236546,Tokyo,2002,34.7,-0.1,16.7,-3.3,42.6,1340.4,,48.2,,11.8,22.2,59.64
Japan2003,Japan,2003,31881,120395000,36926,26.48,1285385412,Tokyo,2003,33.4,-0.3,16,-4.9,38.4,1795,,40.7,,11.6,23.4,61.75
Japan2004,Japan,2004,30034,120500000,39960,24.92,1280036122,Tokyo,2004,38.2,0.3,17.2,-5.2,39.8,1720.7,,51.4,,13.8,21.5,58.81
Japan2005,Japan,2005,30369,120657507,39412,25.17,1286856314,Tokyo,2005,36.1,0.6,17.1,-4.4,40.8,0,,40.7,,9.8,56.6,61.38
Japan2006,Japan,2006,29769,120702000,37534,24.66,1262639452,Tokyo,2006,35,-1.1,16.4,-6.7,40.8,1706.6,,44.7,,12.3,23.8,61.61
Japan2007,Japan,2007,30665,120704000,37408,25.41,1300051973,Tokyo,2007,36.2,0.2,17,-5.1,44.9,1250.7,,48.2,,13.1,22.2,59.19
Japan2008,Japan,2008,30073,120602000,41773,24.94,1229245450,Tokyo,2008,34.3,0.4,16.4,-4.6,40.8,1770.1,,48.3,,12.9,22.7,61.02
Japan2009,Japan,2009,30523,120496000,43415,25.33,1160203633,Tokyo,2009,32.9,0.7,16.7,-4.2,38.9,1709.8,,41.1,,14,23.2,60.45
Japan2010,Japan,2010,29411,121127267,47059,24.28,1211572868,Tokyo,2010,36.2,-0.3,16.9,-4.1,42.8,1481.5,,51.8,,14.5,23.8,61.15
Japan2011,Japan,2011,28766,120927000,50919,23.79,1261398590,Tokyo,2011,35.1,-0.9,16.5,-5,40.6,1328.3,,53.6,,14.7,22.7,57.83
Japan2012,Japan,2012,26338,120735000,51379,21.81,1302082927,Tokyo,2012,34.5,-0.8,16.3,-4,40.4,1487,,57.2,,15.5,23.7,61.73
Japan2013,Japan,2013,25991,120514000,42781,21.57,1314069572,Tokyo,2013,37.3,-1.1,17.1,-5.5,48.2,1545.7,,51.8,,14.7,22.2,60.97
Japan2014,Japan,2014,24357,120274000,40328,20.25,1264173252,Tokyo,2014,35,-0.6,16.6,-6.6,41.2,1737.5,7.89,38.9,,14.1,22.7,61.93
Mexico1991,Mexico,1991,2103,74796300,4204,2.81,331374329.3,Mexico City,1991,34.1,-2.7,17.5,-7.7,31.7,1789.57,,105.4,,11.8,52.2,57.44
Mexico1992,Mexico,1992,2237,75285800,4830,2.97,334207995.5,Mexico City,1992,29,3.1,16.8,1.4,28.2,1508.6,,90,,13.4,61,62.72
Mexico1993,Mexico,1993,2342,76826800,6518,3.05,339472907.3,Mexico City,1993,31.1,2.1,17.5,-2.4,29,6072.15,,93.6,,13.6,47.9,55.51
Mexico1994,Mexico,1994,2588,78374100,6735,3.3,353238154.5,Mexico City,1994,30,-0.9,16.8,-4.1,29.2,4913.39,20.33,187.2,,11.8,48.8,52.94
Mexico1995,Mexico,1995,2877,79927100,4505,3.6,333009773.4,Mexico City,1995,33,-2.9,17.3,-1.4,31.8,2155.9,,71.9,,11,54.1,56.31
Mexico1996,Mexico,1996,3008,83802294,4904,3.59,347421995.2,Mexico City,1996,33,-2.9,16.1,-5.1,30.7,1799.77,55,85.3,,10.7,47.5,52.18
Mexico1997,Mexico,1997,3350,85340880,5864,3.93,370406386.2,Mexico City,1997,30,-3.6,16.5,-3.4,28.3,2242.73,,97.1,,10.5,55.4,52.84
Mexico1998,Mexico,1998,3312,86825678,6064,3.81,390179344.5,Mexico City,1998,33.1,-5.9,17.4,-4.9,30.7,2479.68,,64.8,,9.1,44.4,51.44
Mexico1999,Mexico,1999,3327,88271977,6800,3.77,392324454.4,Mexico City,1999,31.8,-3.9,16.2,-4.3,29.6,1202.74,2.93,101.8,,9.3,48.2,51.05
Mexico2000,Mexico,2000,3456,89694793,7892,3.85,397899666.1,Mexico City,2000,32.1,-2.9,16.1,-4.3,30,1728.35,,121.8,,9.1,52,50.52
Mexico2001,Mexico,2001,3760,91052714,8311,4.13,412627401.3,Mexico City,2001,32.1,-1.6,16.1,-3.7,32.5,1976.09,,130,,13.9,58.7,56.5
Mexico2002,Mexico,2002,3826,92394316,8357,4.14,413972575.8,Mexico City,2002,33.1,-4.9,16.7,-7.4,33.1,7201.22,,125.5,,13.8,57,54.91
Mexico2003,Mexico,2003,4070,93758859,7779,4.34,439786050,Mexico City,2003,33,-1.9,16.9,-3.5,32.3,13337.82,,56.7,,13.5,58.5,56.56
Mexico2004,Mexico,2004,4056,95193068,8217,4.26,440799635.4,Mexico City,2004,31.1,-3.9,16.4,-4,30.5,15629.39,99,58.5,,14.1,61.7,58.55
Mexico2005,Mexico,2005,4274,96730008,9071,4.42,465913628.4,Mexico City,2005,37.1,-0.9,17.2,-2.9,37.1,11061.3,18,52.4,28.8,14,56.5,53.66
Mexico2006,Mexico,2006,4230,98468839,9906,4.3,478803636.6,Mexico City,2006,37.1,-3.9,16.5,-4.2,35.6,2346.25,,48.2,36,14,55.4,57.3
Mexico2007,Mexico,2007,4285,100294297,10496,4.27,482325460.8,Mexico City,2007,37.1,-1.9,15.3,-4.3,35.6,2834.65,,102.8,162,12.3,57.8,62.84
Mexico2008,Mexico,2008,4642,102170587,10864,4.54,495305014.2,Mexico City,2008,31.1,-3.9,15.1,-7.2,30.7,2300.45,14,64.6,,11,55.3,60.85
Mexico2009,Mexico,2009,5023,104044342,8651,4.83,478389000.8,Mexico City,2009,36.1,-4.9,16,-6,33.7,2837.1,,51.8,32.4,11.6,56,57.38
Mexico2010,Mexico,2010,4858,105875861,9991,4.59,466090651.8,Mexico City,2010,39.1,-5.9,14.9,-9.5,36.2,2177.29,,52.9,28.8,11.5,55,58.21
Mexico2011,Mexico,2011,5558,107655100,10965,5.16,486503210.3,Mexico City,2011,38.1,-3.9,16.5,-4,36.4,2573.26,46,44.3,28.8,11.6,47.9,54.49
Mexico2012,Mexico,2012,5381,109368765,10982,4.92,498658522,Mexico City,2012,34.1,-1.9,16,-4.9,33.2,1996.54,,43.6,28.8,11.6,56.6,59.5
Mexico2013,Mexico,2013,5711,111036708,11478,5.14,492559728.7,Mexico City,2013,38.1,-5.9,16,-11.2,35.6,2709.34,,102.4,39.6,10.9,54.4,61.96
Mexico2014,Mexico,2014,6178,112692589,11663,5.48,482527892.6,Mexico City,2014,34.1,-2.9,17.3,-2.8,31.6,3472.9,270,74.8,39.6,10.9,58.3,58.59
Netherlands1991,Netherlands,1991,1611,14114800,22906,11.41,170819825.4,Amsterdam,1991,31.4,-13.2,9.6,-20.9,33,358.8,,70.5,,14.4,61.5,85
Netherlands1992,Netherlands,1992,1587,14216900,25205,11.16,170654887,Amsterdam,1992,29.8,-6.3,10.7,-12.1,31.5,492.6,,70.4,,15.7,62.6,83.99
Netherlands1993,Netherlands,1993,1555,14313600,24385,10.86,170796225.4,Amsterdam,1993,26.9,-8.5,9.7,-14.8,27.3,495.6,,92.2,,15.8,64,85.85
Netherlands1994,Netherlands,1994,1584,14397700,25997,11,171398399.4,Amsterdam,1994,32.4,-7.6,10.7,-17.9,33.3,616.9,,79.8,,16.1,63.8,83.39
Netherlands1995,Netherlands,1995,1511,14474000,30850,10.44,173032706.8,Amsterdam,1995,32.2,-9.6,10.5,-16.1,32.4,355.4,,68.4,,17.1,64.1,82.99
Netherlands1996,Netherlands,1996,1577,14553700,30625,10.84,182473197.5,Amsterdam,1996,32.7,-11.6,8.6,-20.5,32.9,321.53,,97.9,,16.9,66.6,81.97
Netherlands1997,Netherlands,1997,1572,14639900,28156,10.74,175292382.2,Amsterdam,1997,32.2,-13.6,10.2,-17.7,31.4,304.85,,46.4,,17.1,66.1,83.68
Netherlands1998,Netherlands,1998,1519,14734600,29351,10.31,176402161,Amsterdam,1998,31.4,-7.8,10.6,-11.8,30.4,753.21,,75.6,,17.4,65.5,84.27
Netherlands1999,Netherlands,1999,1519,14832000,29799,10.24,170991277.1,Amsterdam,1999,30.9,-8.2,11.2,-11.5,29.1,350.3,3.15,72,,18.8,57.9,82.39
Netherlands2000,Netherlands,2000,1501,14933235,27644,10.05,171935801.2,Amsterdam,2000,32.6,-4.6,11,-9.4,33.7,1045.2,,75.6,,17.1,59.6,84.24
Netherlands2001,Netherlands,2001,1474,15038337,28366,9.8,177079434.6,Amsterdam,2001,31.5,-6.4,10.6,-9.7,32.9,1297.32,,68.4,,18.5,61.2,83.37
Netherlands2002,Netherlands,2002,1570,15130318,30757,10.38,176374898.4,Amsterdam,2002,31.2,-7.6,10.9,-15.9,31.3,1029.48,,86.4,,18.1,57.5,81.69
Netherlands2003,Netherlands,2003,1502,15203397,37614,9.88,179824198.7,Amsterdam,2003,33.1,-8.9,10.7,-15.8,32.8,686.32,,57.6,,15.2,47.6,78.95
Netherlands2004,Netherlands,2004,1514,15265861,42614,9.92,181453315.9,Amsterdam,2004,32.1,-7,10.7,-9.3,31.6,1003.27,,79.2,,16.6,57.1,80.82
Netherlands2005,Netherlands,2005,1574,15320595,44289,10.27,177530881.5,Amsterdam,2005,31.3,-15.2,10.9,-18.9,31,933.53,,64.8,100.8,17.2,53.4,81.64
Netherlands2006,Netherlands,2006,1525,15368697,47281,9.92,172736702.3,Amsterdam,2006,33.3,-6.7,11.3,-10.6,32.8,1003.84,,68.4,97.2,17.9,56.3,79.47
Netherlands2007,Netherlands,2007,1354,15425404,54418,8.78,172600460.5,Amsterdam,2007,28,-6.7,11.4,-10.2,28.8,1069.2,,85.3,111.6,18.7,54.5,81.49
Netherlands2008,Netherlands,2008,1439,15506963,60375,9.28,175519219.7,Amsterdam,2008,28.9,-6.9,10.8,-10.5,30.2,967.35,,68.4,3.6,20.9,53.6,81.03
Netherlands2009,Netherlands,2009,1530,15602176,54988,9.81,170180412.3,Amsterdam,2009,31.2,-8.1,10.7,-12.7,32.7,733.75,,57.6,104.4,19.8,53.8,80.18
Netherlands2010,Netherlands,2010,1604,15691409,53302,10.22,182179635.6,Amsterdam,2010,32.9,-12.8,9.2,-17.3,32,760.85,150,57.6,90,18.4,58.1,80.91
Netherlands2011,Netherlands,2011,1650,15772162,56667,10.46,169118699.9,Amsterdam,2011,31.7,-6.1,11,-10.9,34.5,738.45,,61.2,90,17.2,54.2,80.46
Netherlands2012,Netherlands,2012,1756,15839503,52334,11.09,164948743.6,Amsterdam,2012,31.6,-16.8,10.4,-19.7,32.5,1005.03,,64.8,90,20,59.2,81.33
Netherlands2013,Netherlands,2013,1856,15899508,54510,11.67,164757276.7,Amsterdam,2013,30.8,-9.2,9.9,-14.3,32,790.59,,82.8,111.6,20.4,57.3,79.81
Netherlands2014,Netherlands,2014,1839,15899508,55325,11.57,157347061.5,Amsterdam,2014,33.1,-2,11.9,-8.2,32.9,864.67,,61.2,32.4,8.9,33,81.74
Norway1991,Norway,1991,675,3972600,30678,16.99,34069334.14,Oslo,1991,30.9,-18.9,6.2,-20,30.2,368.55,50.42,52.5,,14.1,43.9,77.4
Norway1992,Norway,1992,616,3989800,32793,15.44,34831892.59,Oslo,1992,28.4,-12.7,6.7,-20.4,27.2,593.1,15.36,63.9,,14.2,43.4,76.37
Norway1993,Norway,1993,590,4010500,30066,14.71,36531562.52,Oslo,1993,25.5,-19.1,5.8,-20.6,,222.58,26.32,120.2,,14.1,46.2,75.45
Norway1994,Norway,1994,531,4033300,31520,13.17,38445957.49,Oslo,1994,29.8,-26.4,6.3,-30.6,28.8,219,43.29,131.4,,12.7,50.2,76.8
Norway1995,Norway,1995,548,4055900,37483,13.51,38477220.08,Oslo,1995,28.9,-22.4,6.4,-23.6,28.6,5,14.65,153.7,,12.4,51.8,76.57
Norway1996,Norway,1996,517,4078000,40098,12.68,41593833.8,Oslo,1996,27.4,-20.3,5.7,-23.5,26.8,0.1,23.04,118.4,,14.4,56,77.83
Norway1997,Norway,1997,533,4102100,39335,12.99,41698909.6,Oslo,1997,30.1,-19.4,7.6,-19.7,29.5,3,10.66,135.4,,24.4,56.4,74.95
Norway1998,Norway,1998,548,4129400,37334,13.27,41956663.25,Oslo,1998,23.8,-17.1,6.8,-18.4,,5.15,7.51,140.8,,23.8,64.4,79.33
Norway1999,Norway,1999,583,4159745,39013,14.02,42709488.72,Oslo,1999,27.7,-20.1,6.6,-26,27,579.24,5.93,120.2,,22.6,61.8,79.84
Norway2000,Norway,2000,541,4168315,41099,12.98,42215884.96,Oslo,2000,25.5,-18.9,7.3,-22.8,,3233.02,6.3,76,,21.5,61.3,76.89
Norway2001,Norway,2001,549,4215103,41281,13.02,43559843.15,Oslo,2001,28.3,-24.9,5.7,-31.5,27.8,2363.79,14.19,74.2,,21,56.6,75.16
Norway2002,Norway,2002,494,4243689,46049,11.64,42667047.64,Oslo,2002,27.8,-19.5,6.4,-25.1,27.8,1903.94,12.56,53.6,,26.2,48.7,75.18
Norway2003,Norway,2003,502,4273124,53533,11.75,43921782.2,Oslo,2003,29.6,-19.5,6.6,-25.2,28.8,1701.87,22.26,44.1,,33.5,40.3,73.07
Norway2004,Norway,2004,529,4301960,61450,12.3,44337010.57,Oslo,2004,31.1,-15.5,7,-22,29.7,2328.19,22.94,59.4,,31.6,40.1,71.33
Norway2005,Norway,2005,533,4335092,71215,12.3,43560708.06,Oslo,2005,31.3,-20.9,7.3,-25.6,30.3,2159.39,5.32,55.2,,25.7,28.5,70.8
Norway2006,Norway,2006,532,4372103,79007,12.17,43923347.59,Oslo,2006,29.1,-15.7,7.2,-20.2,28.2,2416.39,33.18,114.8,7.6,33.5,19.5,75.85
Norway2007,Norway,2007,485,4417369,90797,10.98,45851890.6,Oslo,2007,30.3,-14.3,6.8,-22.4,28.8,2417.47,17.34,72.4,,44.9,16.4,72.89
Norway2008,Norway,2008,505,4472089,103431,11.29,44903022.1,Oslo,2008,30.4,-13,7.3,-18.2,28.9,1940.3,8.45,98.3,,46.9,10.7,73.34
Norway2009,Norway,2009,573,4527536,85394,12.66,43205403.59,Oslo,2009,31.7,-16,6.3,-21.4,30.3,1850.63,42.69,44.4,,46.5,10.8,75.01
Norway2010,Norway,2010,548,4582885,93638,11.96,45823277.24,Oslo,2010,25.3,-19.2,4.4,-25.3,,1457.51,31.04,35.7,,46.8,9.1,74.99
Norway2011,Norway,2011,598,4643300,107430,12.88,44982556.87,Oslo,2011,26.7,-17.3,7,-23.6,26.6,1670.94,36.13,76,,48.9,9.3,76.3
Norway2012,Norway,2012,515,4706585,108408,10.94,44560819.66,Oslo,2012,28.9,-17.4,6.1,-24,27.7,1590.04,15.57,94.3,,49.8,11.2,76.03
Norway2013,Norway,2013,554,4767605,109804,11.62,44302653.91,Oslo,2013,27.9,-16.4,6.4,-22.7,27.3,1371.26,40.05,96.5,80.5,48.4,13.5,75.59
Norway2014,Norway,2014,548,4827178,103443,11.35,43952663.34,Oslo,2014,31.3,-20,7.9,-18.9,30.6,1372,11.25,36,70,44.9,12.7,76.66
Philippines1992,Philippines,1992,347,55304684,958,0.63,48293804.82,Manila,1992,36.1,1.1,28,-4.3,49.7,2824.31,,87.1,,7.1,63.6,75.16
Philippines1993,Philippines,1993,846,56781569,957,1.49,48929190.41,Manila,1993,37.8,1.1,27.9,-1.4,51.2,3040.14,,64.8,,6.7,70.7,76.57
Philippines1997,Philippines,1997,814,62772694,1312,1.3,70062609.86,Manila,1997,36.1,20.1,27.8,,52.5,2951.2,,134.7,,7.4,73,76.53
Philippines1998,Philippines,1998,883,64252614,1124,1.37,68252959.29,Manila,1998,38.1,20.1,28.6,,48.1,2967.74,,93.6,,7.7,72.2,76.88
Philippines1999,Philippines,1999,1043,65740201,1262,1.59,68176638.31,Manila,1999,35.1,1.1,27.5,,44.3,965.35,2.14,64.8,,7.9,79.1,78.85
Philippines2000,Philippines,2000,1403,67243482,1205,2.09,72346435.42,Manila,2000,36.1,18.4,27.8,,44.1,5240.66,,64.3,,8.6,76.3,75.78
Philippines2001,Philippines,2001,1204,68738092,1109,1.75,70304563.22,Manila,2001,36.1,20.1,27.9,,43.8,3481.31,,65.2,,9.7,72.6,76.12
Philippines2002,Philippines,2002,1301,70256443,1158,1.85,70155141.92,Manila,2002,36,19.1,27.8,,45.6,3227.8,,128,,9,70.7,75.73
Philippines2003,Philippines,2003,1544,71781489,1169,2.15,70214684.86,Manila,2003,36.3,18.5,27.8,,46.1,2672.19,,81.3,,8.8,69.8,71.39
Philippines2006,Philippines,2006,1788,76435755,1599,2.34,66521913.38,Manila,2006,36.1,19.1,28.1,,44.2,3466.73,,95.2,,9.3,68.2,79.01
Philippines2007,Philippines,2007,1698,78008654,1915,2.18,70764075.09,Manila,2007,38.9,20,28.2,,54,3705.12,,85.3,,9.3,69,76.97
Philippines2008,Philippines,2008,1820,79595888,2188,2.29,77299991.63,Manila,2008,35.3,20,27.9,,45.7,3351.58,,63.1,,9.2,71.1,80.21
Philippines2009,Philippines,2009,2074,81193855,2073,2.55,75767071.76,Manila,2009,36.3,19.3,27.8,,48.1,4979.23,,74.6,,9.1,73.2,82.57
Philippines2010,Philippines,2010,2116,82760992,2412,2.56,82932929.78,Manila,2010,38,20.1,28.6,,50.9,3422.6,,83.8,,9.5,67.1,78.45
Philippines2011,Philippines,2011,2449,84201767,2662,2.91,83534839.91,Manila,2011,38.1,20.1,27.8,,46.5,4853.75,,72,,9.8,73.6,77.04
Poland1991,Poland,1991,5316,35396300,2416,15.02,373378200.5,Warsaw,1991,32.1,-20.4,8,-26.3,33.6,197.3,13.21,72,,10.4,49,80.54
Poland1992,Poland,1992,5713,35605400,2650,16.05,363718927.6,Warsaw,1992,37.1,-15.9,8.8,-21.2,36.2,221.9,4.68,57.6,,10.8,46.2,79.38
Poland1993,Poland,1993,5624,35792600,2683,15.71,364565344.4,Warsaw,1993,33.1,-16.9,7.8,-25.1,32.3,73.6,,61.2,,9.2,40,80.04
Poland1994,Poland,1994,5519,35960000,3081,15.35,359611076.8,Warsaw,1994,36.1,-17.9,9.4,-29,35.9,1.1,,57.6,,9.3,40.9,81.92
Poland1995,Poland,1995,5499,36104900,3937,15.23,361303851,Warsaw,1995,32.1,-19.9,8.6,-24.9,33.6,0,,46.8,,9.4,40.5,83.73
Poland1996,Poland,1996,5446,36243300,4413,15.03,375304644.6,Warsaw,1996,32.1,-21.9,7,-28.7,31.3,0,,46.8,,9.1,44.8,80.07
Poland1999,Poland,1999,5779,36575200,4640,15.8,327652449.7,Warsaw,1999,32.2,-16.6,10,-25.7,33.4,102.2,4,54,,15.8,64.3,78.38
Poland2000,Poland,2000,5841,36233344,4744,16.12,317097260.4,Warsaw,2000,34.7,-15.4,9.7,-19.3,33.5,776.7,2.73,86.4,,16.5,65.1,78.66
Poland2001,Poland,2001,5855,36295390,5249,16.13,313545668.9,Warsaw,2001,33.9,-16.9,8.3,-27,35.2,588.4,5.55,50.4,,14.8,69.5,82.2
Poland2002,Poland,2002,5925,36347498,5466,16.3,305730543.5,Warsaw,2002,32.3,-20.6,9.3,-26.2,32.7,550.4,6.66,72,,14.8,63.8,78.41
Poland2003,Poland,2003,5836,36353775,5983,16.05,318415559.2,Warsaw,2003,31.7,-22.1,8.3,-27.4,32.8,470.9,10.68,46.8,,14.6,63.2,78.02
Poland2004,Poland,2004,6072,36371596,7014,16.69,322538948.6,Warsaw,2004,31.8,-15,8.4,-21.8,31.5,493.9,6.63,87.4,,14,67.4,76.17
Poland2005,Poland,2005,6045,36371365,8417,16.62,321668846.1,Warsaw,2005,33,-19.4,8.7,-27.5,34.1,454.8,8.48,71.9,,12.6,57.3,74.09
Poland2006,Poland,2006,5805,36348232,9485,15.97,334622822.1,Warsaw,2006,34.3,-26.8,9,-34.3,32.4,452.8,20.47,48.2,,9.9,48.2,76.55
Poland2007,Poland,2007,5284,36310843,11816,14.55,334365693.2,Warsaw,2007,35,-15.1,9.7,-21.8,34.5,661.2,7.22,117.4,,10.7,52.2,78.92
Poland2008,Poland,2008,5682,36262711,14721,15.67,327448211.3,Warsaw,2008,30,-13,9.8,-24.3,31,479.4,2.24,64.8,,11.1,49.4,77.88
Poland2009,Poland,2009,6477,36223402,12141,17.88,314144580.2,Warsaw,2009,30.5,-22,8.8,-25.2,32.2,600.1,6.98,72.1,,10.6,49.6,77.77
Poland2010,Poland,2010,6357,36027791,13304,17.64,332130710.9,Warsaw,2010,35,-22.7,8,-30,36.8,707.5,23.91,64.2,,10.3,50.1,79.54
Poland2011,Poland,2011,6113,36008237,14686,16.98,331694639.5,Warsaw,2011,31.5,-17.2,9.1,-23,33.1,563,7.45,129.6,,10.7,44.3,78.63
Poland2012,Poland,2012,6368,36013446,13894,17.68,324216621.4,Warsaw,2012,34.6,-23,8.9,-28,35.7,496.6,4.94,89.8,,14.1,56.2,76.2
Poland2013,Poland,2013,6218,36023694,14552,17.26,319911258.7,Warsaw,2013,37.1,-15.6,9.1,-22.5,37.5,112.5,11.02,64.1,68.4,9.4,47.2,78.64
Poland2014,Poland,2014,5934,36059630,15119,16.46,307555126.8,Warsaw,2014,33.6,-18,10,-28.1,32.7,0,,47,50.4,8,36.3,78.6
Portugal1991,Portugal,1991,942,9410507,9483,10.01,47206212.67,Lisbon,1991,42.1,2.1,16.7,-0.3,38.9,468.7,50,47.1,,10.5,28.5,66.81
Portugal1992,Portugal,1992,866,9401557,11445,9.21,51458520.14,Lisbon,1992,39.1,3.1,16.7,0.9,39.3,210.5,,51.8,,10.5,27.1,69.49
Portugal1993,Portugal,1993,780,9410082,10098,8.29,50070049.5,Lisbon,1993,39.1,0.1,16.2,-2.5,39.3,399,,51.8,,10.5,33.8,75.23
Portugal1994,Portugal,1994,762,9436009,10566,8.08,50820363.17,Lisbon,1994,36.1,1.8,16.8,-0.8,35.5,351.4,,57.2,,10.9,36,75.29
Portugal1995,Portugal,1995,809,9473844,12469,8.54,54790936.81,Lisbon,1995,41.1,3.1,17.9,0.1,41.1,455.7,,46.4,,11,38.5,70.78
Portugal1996,Portugal,1996,653,9515960,12887,6.86,52098076.4,Lisbon,1996,35.5,3.1,16.9,0.6,36,550.8,,48.2,,11.2,38.8,75.67
Portugal1997,Portugal,1997,628,9564579,12237,6.57,55108776.84,Lisbon,1997,35.3,3.9,17.9,2.3,36.8,423.24,,46.4,,11.4,43,75.36
Portugal1998,Portugal,1998,556,9617110,12892,5.78,59597616.69,Lisbon,1998,37.5,1.9,16.8,-3,37.8,202.29,,38.9,,12.1,37.1,72.62
Portugal1999,Portugal,1999,545,9671357,13180,5.64,67223504.65,Lisbon,1999,35.9,2.6,16.6,1.4,36.4,300.7,2.42,37.4,,13.2,38.9,73.36
Portugal2000,Portugal,2000,524,9740085,12152,5.38,66044345.51,Lisbon,2000,36.9,2.3,16.6,-0.1,37.6,923.49,,47.3,,12.5,41,73.5
Portugal2001,Portugal,2001,761,9809536,12391,7.76,65704175.79,Lisbon,2001,35.5,2.6,16.6,-2.5,34.7,739.63,,47.8,,12.6,38.4,73.84
Portugal2002,Portugal,2002,1210,9859832,13614,12.27,69556728.46,Lisbon,2002,36.2,5.7,16.8,3.2,34.6,916.27,,46.5,,12.7,14,71.75
Portugal2003,Portugal,2003,1156,9895009,16671,11.68,64437188.19,Lisbon,2003,41.6,1.8,17.2,-2.5,40.1,853.04,,51.4,,12.3,9.9,68.21
Portugal2007,Portugal,2007,1020,10005713,24003,10.19,62270128.78,Lisbon,2007,39.5,3.6,16.8,-1.2,38.1,452.94,,45.9,72,11.6,6.1,71.6
Portugal2008,Portugal,2008,1038,10030640,26121,10.35,59923525.13,Lisbon,2008,34.5,5.3,16.7,2.9,35,653.32,,45.8,,11.3,6.2,71.33
Portugal2009,Portugal,2009,1025,10049918,24254,10.2,57077123.09,Lisbon,2009,35.4,1.3,17.5,-2,33.7,751.86,20,53.7,86.4,11.2,7,67.92
Portugal2010,Portugal,2010,1099,10066628,23673,10.92,52881799.72,Lisbon,2010,38.7,-2.3,17.2,-6.2,47.1,1067.18,,81.5,97.2,11.1,8.2,71.38
Portugal2011,Portugal,2011,1017,10062815,24337,10.11,51701800.43,Lisbon,2011,36.2,4.1,17.6,-1.2,37.4,761.58,,46.9,95.9,10.8,5.6,70.66
Portugal2012,Portugal,2012,1076,10029396,21573,10.73,49877899.43,Lisbon,2012,36.3,2.8,16.8,-1.9,36.8,640.05,,39.6,75.1,11,5.5,69.89
Portugal2013,Portugal,2013,1052,9985074,22641,10.54,48081942.95,Lisbon,2013,38.6,2,16.9,0.9,39,744.77,,49.8,94.1,11,9.8,70.64
Portugal2014,Portugal,2014,1222,9944433,23091,12.29,47955777.37,Lisbon,2014,34.1,2.3,16.2,-2,33.7,607.06,,68.2,72,10.5,18.4,76.03
Romania1991,Romania,1991,2161,21458000,1351,10.07,140966758.5,Bucharest,1991,32.8,-17.5,10.3,-24.3,35,1429.7,19.32,68.9,,9.1,47.7,84.66
Romania1992,Romania,1992,2650,21227100,1183,12.48,130286047.4,Bucharest,1992,38,-13.7,11.2,-17.5,37.9,825.54,7.06,236,,10.4,38,75.67
Romania1993,Romania,1993,2774,21307600,1237,13.02,121627189.6,Bucharest,1993,38.1,-17.3,10.5,-22.7,41.5,1026.83,18.35,266.6,,10.3,39.7,76.61
Romania1994,Romania,1994,2887,21386000,1406,13.5,119670747.5,Bucharest,1994,37,-17.6,12.5,-31.9,40.2,1181.87,4.57,266.7,,10.5,43.5,74.83
Romania1995,Romania,1995,2793,21451300,1756,13.02,124836930.8,Bucharest,1995,36.5,-16.9,11.2,-20,35.8,1564.26,11.25,75.6,,9.8,52.1,75.71
Romania1996,Romania,1996,2828,21397300,1738,13.22,128277631.7,Bucharest,1996,37.8,-15.3,10.3,-24.4,40.9,416.1,8.2,71.3,,10.6,54.3,77.61
Romania1997,Romania,1997,2859,21369000,1677,13.38,119265891.7,Bucharest,1997,37,-18.9,10.6,-23.9,39.7,2403.81,8.68,115.2,,9.7,51.9,76.13
Romania1998,Romania,1998,2838,21338400,1967,13.3,104755659.1,Bucharest,1998,38.4,-19.9,11.2,-24.5,38.2,698.43,10.74,86.4,,9.3,44.5,74.76
Romania1999,Romania,1999,2736,21310800,1698,12.84,88682298.25,Bucharest,1999,36.1,-12.9,11.9,-14.3,40.9,392.18,4.06,79.9,,9.2,45.9,79.43
Romania2000,Romania,2000,2836,21290400,1758,13.32,93538381.76,Bucharest,2000,41.1,-19,12.3,-26.3,40.9,625,11.39,281.2,,9,37.7,72.07
Romania2001,Romania,2001,2720,21272887,1914,12.79,98877063.45,Bucharest,2001,37.1,-12.3,11.9,-20,37.2,938.33,6.13,55.2,,9.3,42.3,71.55
Romania2002,Romania,2002,3067,20700580,2231,14.82,99151878.22,Bucharest,2002,38,-24.5,11.9,-24.3,40.6,969.65,10.9,54,,8.9,47,70.49
Romania2003,Romania,2003,2894,20656841,2898,14.01,103576693,Bucharest,2003,37,-18.5,11.2,-22.1,36,578.2,7.61,54,,8.3,39.9,72.05
Romania2004,Romania,2004,2720,20610767,3698,13.2,102874430.1,Bucharest,2004,34.3,-19.1,11.2,-23.3,36.2,717.6,5.66,45.4,,8.5,39.5,76
Romania2005,Romania,2005,2603,20569960,4847,12.65,100966617.1,Bucharest,2005,35.8,-22.5,11,-23.6,39.4,1095.6,12.88,43.9,36,8.3,43.4,77.29
Romania2006,Romania,2006,2721,20526561,6018,13.26,104130559.8,Bucharest,2006,36.8,-18.2,11.6,-28.5,38.5,537.3,3.8,48.2,43.2,8.4,40.4,73.93
Romania2007,Romania,2007,2430,20475026,8593,11.87,108559692.9,Bucharest,2007,40.3,-11.9,12.4,-14.9,40.5,466.4,1.58,38.9,46.8,8.8,43.9,67.77
Romania2008,Romania,2008,2472,20433803,10454,12.1,105365397.6,Bucharest,2008,37.9,-14.1,11.8,-17,36.5,338.5,14.37,38.2,,9,46.9,71.24
Romania2009,Romania,2009,2586,20390882,8465,12.68,87205422.53,Bucharest,2009,35.9,-15.1,11.7,-17.5,35.8,574.2,9.59,32.7,57.6,8.7,49,71.92
Romania2010,Romania,2010,2766,20348649,8190,13.59,83551258.13,Bucharest,2010,36.1,-24.3,11.1,-29.6,36.8,650.5,12.5,34.8,50.4,8.3,51.4,75.34
Romania2011,Romania,2011,2536,20291701,9086,12.5,89343217.71,Bucharest,2011,35.9,-16.7,10.8,-18.9,36.9,418.6,9.83,31.9,75.6,8.4,44.8,73.82
Romania2012,Romania,2012,2495,19041594,9015,13.1,86320925.39,Bucharest,2012,40,-23.5,11.8,-27.7,39.3,727.38,21.51,41.7,79.2,8.6,41.2,73.53
Romania2013,Romania,2013,2407,19003345,10080,12.67,76829198.18,Bucharest,2013,36.8,-15.3,12.4,-17.1,36.4,177.4,5.06,44.7,61.2,7.1,32.3,72.92
Romania2014,Romania,2014,2209,18952235,10526,11.66,77160487.22,Bucharest,2014,36.4,-16.4,12.3,-25.4,38.7,373.8,2.33,48.7,46.8,7,39.3,76.87
Singapore1991,Singapore,1991,296,2559300,17768,11.57,45049407.64,Singapore,1991,33.1,22.1,27.5,,42.5,1955.1,,35.3,,10.6,72.6,83.16
Singapore1992,Singapore,1992,277,2604000,20029,10.64,48212663.64,Singapore,1992,33.7,4.1,27.4,0.9,42.3,5671.7,,94.3,,11.5,69.6,83.36
Singapore1993,Singapore,1993,270,2655800,22835,10.17,50871112.83,Singapore,1993,33.1,4.1,27.5,0.1,44.3,1418.4,0,42.5,,10.1,64.1,83.58
Singapore1994,Singapore,1994,316,2712200,27202,11.65,61344561.04,Singapore,1994,34.1,21.1,27.7,,42.5,524.2,,33.5,,9.7,71.8,83.24
Singapore1995,Singapore,1995,364,2765300,31783,13.16,41841788.29,Singapore,1995,34.1,22.6,27.8,,44,2811.6,,50,,12,81.2,84.17
Singapore1996,Singapore,1996,239,2823100,34148,8.47,49349249.79,Singapore,1996,34.1,22.7,27.6,,44.3,3037.6,,50,,12,78.9,83.3
Singapore1997,Singapore,1997,303,2880000,34779,10.52,58071754.09,Singapore,1997,35.1,22.1,28.3,,43.7,1248.9,,37.1,,10.8,78.3,79.57
Singapore1998,Singapore,1998,328,2940200,29150,11.16,48356410.64,Singapore,1998,35.2,22.9,28.4,,45.9,3025.9,,38.9,,11.7,83.2,82.42
Singapore1999,Singapore,1999,277,2997100,28789,9.24,49870518.41,Singapore,1999,34.5,22.1,27.6,,42.6,1942.1,2.03,35.3,,10.9,85.6,80.9
Singapore2000,Singapore,2000,309,3047600,31446,10.14,48856301.08,Singapore,2000,35,21.4,27.8,,44.5,2624.2,,36,,10.3,84.2,81.05
Singapore2001,Singapore,2001,305,3103000,28774,9.83,49442096.38,Singapore,2001,34.1,21.3,27.7,,45.6,2966.4,,55.6,,11.1,83.7,81.36
Singapore2002,Singapore,2002,321,3165200,29048,10.14,47172700.62,Singapore,2002,34.8,22.8,28.2,,44.2,1983.5,,35.1,,10.5,83.9,80.9
Singapore2003,Singapore,2003,320,3226200,30067,9.92,31092573.18,Singapore,2003,34.8,22.3,28,,42.7,2421.2,,30.5,,10.2,84.1,81.89
Singapore2004,Singapore,2004,335,3281400,34799,10.21,28450960,Singapore,2004,35.1,22.1,28,,51.4,2115.2,,30.6,,10.1,84.2,81.02
Singapore2005,Singapore,2005,359,3342400,38122,10.74,30334256,Singapore,2005,35,22.6,28.1,,41.8,2103.8,,34.9,,10.5,84.2,80.27
Singapore2006,Singapore,2006,372,3411900,43318,10.9,30773936,Singapore,2006,34.6,23,27.9,,44.7,2741.6,,33.4,,10.1,86.8,82.77
Singapore2007,Singapore,2007,328,3389600,53098,9.68,19910176,Singapore,2007,34.4,22.2,27.7,,42.8,2854.6,,35.3,,10.6,86.1,82.27
Singapore2008,Singapore,2008,319,3448900,55735,9.25,36105056,Singapore,2008,33.6,22.1,27.7,,42.5,2212.1,,27.7,,10.6,85.2,82.46
Singapore2009,Singapore,2009,349,3536100,54413,9.87,55886992,Singapore,2009,34.4,23.1,28.2,,43.7,1900.8,,34.8,,10.3,84,81.95
Singapore2010,Singapore,2010,296,3576800,66099,8.28,55597536,Singapore,2010,35.3,23.1,28.3,,45.5,2025.9,,32.5,,10.3,85,80.51
Singapore2011,Singapore,2011,308,3600900,76638,8.55,45184448,Singapore,2011,35.4,22.1,27.9,,43.1,2487.7,,32.4,,10.4,86.1,81.57
Singapore2012,Singapore,2012,392,3631600,80040,10.79,36343216,Singapore,2012,34.4,22.1,28,,42.4,2078.4,,25.9,,10.3,85.5,80.56
Singapore2013,Singapore,2013,357,3661456,83151,9.75,55630512,Singapore,2013,35.4,21.9,28.1,,42.8,975.2,,31.7,,9.5,85,79.76
Singapore2014,Singapore,2014,355,3689370,84442,9.62,56326672,Singapore,2014,34.8,22.3,28.3,,42.3,0,,31.9,,9.2,85,77.73
South Africa1996,South Africa,1996,143,37773652,3908,0.38,363486466.9,Pretoria,1996,32.8,-2.9,16.3,-7.6,32.4,1856.08,,48.2,,12.9,38.1,67.43
South Africa1997,South Africa,1997,104,38528157,3960,0.27,385120690.8,Pretoria,1997,36,-1.4,17,-7.3,34.7,1884.68,,112.9,,12.7,33.4,66.63
South Africa1998,South Africa,1998,180,39232468,3512,0.46,376776275.9,Pretoria,1998,35,-2.9,17.9,-7.6,33.1,1525.11,,47,,12.3,27.3,58.61
South Africa1999,South Africa,1999,279,39907560,3424,0.7,374317561.2,Pretoria,1999,36.1,0.1,17.6,-6.1,34.6,936.31,3.15,44.7,,12.8,29,59.52
South Africa2000,South Africa,2000,267,40568559,3361,0.66,377730906,Pretoria,2000,34,-2.9,16.7,-12.4,31.8,2171.39,,54,,12.1,34.3,66.68
South Africa2001,South Africa,2001,384,41185599,2953,0.93,371140576,Pretoria,2001,37,-1.9,17.7,-6.3,35.1,1321.75,,46.4,,12.8,30.2,62.97
South Africa2002,South Africa,2002,236,41803868,2769,0.56,355454058,Pretoria,2002,35.1,-0.9,17.9,-5.5,33.1,1038.8,,37.1,,13.1,29.2,59.61
South Africa2003,South Africa,2003,256,42415309,4132,0.6,403235268,Pretoria,2003,37,-4.9,17.7,-11.2,34.7,1175.4,,48.2,,13.9,21.8,53.08
South Africa2004,South Africa,2004,383,43005874,5323,0.89,448539068,Pretoria,2004,34.8,-1.9,16.7,-6.5,33.7,1846.8,,75.6,,15.3,23.5,58.1
South Africa2005,South Africa,2005,458,43566107,5914,1.05,415050850,Pretoria,2005,35.3,0.2,17.1,-3.2,33.1,977.29,,161.7,,15,10.2,57.06
South Africa2006,South Africa,2006,514,44079057,6166,1.17,445708664,Pretoria,2006,35.3,-1.7,15.8,-5.8,32.9,1153.46,,77.9,,15,11.4,59.58
South Africa2007,South Africa,2007,417,44577435,6708,0.94,463975000,Pretoria,2007,35.1,-1,17.3,-7.6,32.8,933.38,,48.1,,15.2,8,50.71
South Africa2008,South Africa,2008,441,43680586,6573,1.01,494127156,Pretoria,2008,36.1,-0.2,17.3,-5.3,33.7,929.32,,67.1,,14.9,8.8,56.23
South Africa2009,South Africa,2009,372,45607048,6517,0.82,501376938,Pretoria,2009,34.3,-0.1,17,-6.2,32.2,1190.36,,49.1,,15.1,11.3,57.54
South Africa2010,South Africa,2010,393,46176200,8128,0.85,472482580,Pretoria,2010,36.1,-2.7,17.9,-6.6,33.4,1086.39,,35.9,,12.5,18.6,57.17
South Africa2011,South Africa,2011,358,46806739,8906,0.76,468927239.3,Pretoria,2011,36.6,-0.2,17.5,-5.1,33.8,677.37,,33.8,,11,25.5,53.61
South Africa2012,South Africa,2012,487,47484256,8347,1.03,467080646.4,Pretoria,2012,35.5,0.1,17.8,-4.5,34.3,835.65,,76.5,,10.9,20.2,51.11
South Africa2013,South Africa,2013,587,48192699,7612,1.22,464619057,Pretoria,2013,37.8,-1.6,17.8,-2.6,35.9,539.43,,77.7,57.6,11.3,19,51.94
South Africa2014,South Africa,2014,580,48912129,7174,1.19,488006183.8,Pretoria,2014,35,0,17.4,-4.2,32.4,1251.42,,70.7,98.3,13.4,15,53.73
Spain1991,Spain,1991,2916,36958100,15574,7.89,241464996.6,Madrid,1991,39.8,-6,13.8,-9.8,38.1,487.17,,114.5,,11,33,59.9
Spain1992,Spain,1992,2786,37000900,17005,7.53,250326924.4,Madrid,1992,38.1,-6.4,13.7,-7.7,37.5,306.48,9,122.1,,11.3,30.1,59.63
Spain1993,Spain,1993,3037,37122100,14106,8.18,241817825.8,Madrid,1993,40.1,-6,13,-8.9,41.6,168.55,6.33,64.8,,11.1,34.9,63.22
Spain1994,Spain,1994,3171,37203100,14223,8.52,254234048.2,Madrid,1994,39.1,-6.9,15.1,-9.5,39.9,66.95,17.68,85.1,,12.3,34.7,61.55
Spain1995,Spain,1995,3157,37275300,16444,8.47,267832186.9,Madrid,1995,40.5,-4.9,15.7,-9.5,41.6,99.93,11.83,92.5,,12,39.2,59.07
Spain1996,Spain,1996,3320,37341200,17166,8.89,255447995.9,Madrid,1996,38.1,-3.3,15,-7.1,39.4,102.6,97.04,50.5,,11.4,41.1,60.72
Spain1997,Spain,1997,3373,37405000,15738,9.02,268058721.8,Madrid,1997,37.2,-2.9,15.8,-7.3,36.3,155.29,49.93,59.4,,11.1,42.8,61.2
Spain1998,Spain,1998,3261,37458900,16473,8.71,276635970.8,Madrid,1998,38.1,-5.9,14.8,-9,35.9,83.35,20,48.1,,11.4,37.1,60.43
Spain1999,Spain,1999,3220,37789271,16756,8.52,300176561,Madrid,1999,39.2,-7.9,14.6,-10.8,37.2,183.98,3.6,53.8,,11.6,36.4,58.13
Spain2000,Spain,2000,3394,38319996,15538,8.86,311926058.9,Madrid,2000,37.3,-3.7,14.4,-5.2,35.3,622.25,19.5,54.2,,11.1,36.1,59.4
Spain2001,Spain,2001,3189,38713504,16169,8.24,313891993.7,Madrid,2001,37.3,-9.2,14.5,-11.9,35.6,473.97,10,47,,11.4,38.3,59.63
Spain2002,Spain,2002,3372,39340611,17924,8.57,334007115.6,Madrid,2002,37.6,-2.7,14.3,-4.3,35.4,594.38,,48.3,,11.2,41.4,63.01
Spain2003,Spain,2003,3478,39947556,22701,8.71,337979232.9,Madrid,2003,39.6,-6.6,14.9,-8.4,36.8,645.6,3,50.7,,11.4,36.7,58.93
Spain2004,Spain,2004,3508,40555823,26372,8.65,354285655.6,Madrid,2004,38.3,-4.9,14,-8.8,36.5,611.91,,43.9,,11.2,31.9,58.69
Spain2005,Spain,2005,3399,41195479,28092,8.25,368964132.6,Madrid,2005,38.7,-9,14.5,-13.2,36.1,386.59,,53.8,,12.6,26.7,51.78
Spain2006,Spain,2006,3247,41808848,30246,7.77,360279239.6,Madrid,2006,37.8,-6.5,15.3,-9.8,35.5,737.82,1,54.3,,16.2,36,56.62
Spain2007,Spain,2007,3264,42547327,34769,7.67,368133603,Madrid,2007,38.8,-5.8,14.1,-9.5,36.3,602.5,2,58.2,88.9,16.6,33,57.3
Spain2008,Spain,2008,3457,43199484,37848,8,336490118.5,Madrid,2008,38.6,-5.1,14.3,-8.9,37,750.79,,50.8,,17.7,36.9,58.41
Spain2009,Spain,2009,3429,43490086,34470,7.88,297248141,Madrid,2009,37.7,-7.9,15.3,-11.1,35.6,519.06,5,54.4,85.3,18.3,31.4,54.08
Spain2010,Spain,2010,3158,43595356,32839,7.24,283877489.7,Madrid,2010,37.6,-5.5,14.2,-8.4,36.5,911.83,,52.5,88.9,18.1,37.2,59.8
Spain2011,Spain,2011,3180,43642571,34097,7.29,284594749.3,Madrid,2011,38.9,-5,15.3,-9.4,39,522,,48.5,81.4,18,30.9,58.77
Spain2012,Spain,2012,3539,44318859,30146,7.99,279271283.7,Madrid,2012,40.4,-6.2,14.7,-9.4,39.1,432.65,2,49.5,76,18.3,29.5,54.48
Spain2013,Spain,2013,3873,44227625,30792,8.76,252682710.7,Madrid,2013,38.5,-4.2,14.6,-7.1,37.8,281.1,,47,92.5,13.8,28.7,60.86
Spain2014,Spain,2014,3911,44172771,31171,8.85,255195739,Madrid,2014,37.8,-4.6,15.8,-6.8,35.2,0,,53.2,,9.6,25.6,58.49
Sweden1991,Sweden,1991,1483,8041100,33623,18.44,57713493.44,Stockholm,1991,30,-14.8,6.9,-18.3,31.8,493.6,,46.4,,9.3,43.3,84.59
Sweden1992,Sweden,1992,1355,8073200,34721,16.78,57447091.7,Stockholm,1992,27.9,-12.9,7.4,-14.9,27.5,335.58,,51.8,,9.6,37.2,76.21
Sweden1993,Sweden,1993,1373,8112500,25880,16.92,57395714.04,Stockholm,1993,27,-15.9,6.2,-19.9,26.2,77.2,,57.2,,9.6,41.1,74.47
Sweden1994,Sweden,1994,1324,8174100,27658,16.2,59845492.34,Stockholm,1994,33.1,-25.9,7.1,-23.4,32.3,2.3,,57.2,,9.6,40.4,74.1
Sweden1995,Sweden,1995,1348,8233000,32072,16.37,59276126.28,Stockholm,1995,29,-20.9,6.3,-28.3,28.9,16.7,,66.6,,9.5,40.6,77.57
Sweden1996,Sweden,1996,1253,8274300,34819,15.14,63194022.88,Stockholm,1996,29,-25.9,5.9,-30,28.1,85.1,,51.8,,9.5,40.5,77.38
Sweden1997,Sweden,1997,1201,8311300,31821,14.45,58132710.66,Stockholm,1997,29.2,-16.4,6.8,-24,31.4,0,,53.6,,17.7,42.2,74.64
Sweden1998,Sweden,1998,1231,8346300,31966,14.75,58717075.01,Stockholm,1998,25.1,-16.9,6.1,-22.8,,0,,47.8,,9.4,40.6,79.89
Sweden1999,Sweden,1999,1220,8378013,32328,14.56,55856974.06,Stockholm,1999,31,-20.9,7.8,-31.2,30.3,0,2.99,48.1,,9.6,41.8,76.41
Sweden2000,Sweden,2000,1131,8409008,30896,13.45,54724980.5,Stockholm,2000,25.1,-20.5,8,-26.8,,0,,44.3,,9.5,41.5,77.05
Sweden2001,Sweden,2001,1197,8439317,28429,14.18,55682290.71,Stockholm,2001,30.6,-23.9,7.1,-28,29.4,408.01,,42.3,,11,34.6,75.36
Sweden2002,Sweden,2002,1180,8465828,31175,13.94,56641312.84,Stockholm,2002,30,-18,7.6,-26.4,30.5,758.9,10.9,55.1,,13.5,31.1,76.4
Sweden2003,Sweden,2003,1112,8490539,38997,13.1,57224353.61,Stockholm,2003,30.2,-23.9,7.4,-29.1,30.4,706.71,9.15,64.6,,13.3,32.4,75.99
Sweden2004,Sweden,2004,1155,8514314,44831,13.57,56443340.56,Stockholm,2004,30.1,-16.9,7.3,-21.9,29.4,651.11,10.2,57.2,,12.8,35.4,75.53
Sweden2005,Sweden,2005,1219,8538624,45563,14.28,53843310.57,Stockholm,2005,32,-23,7.6,-23.6,30.1,418.25,6.75,59.2,,10.8,30.3,74.66
Sweden2006,Sweden,2006,1197,8576044,48977,13.96,53672750.5,Stockholm,2006,30.9,-17.9,8.2,-20.3,29.6,668.59,,49.8,,10.7,26.9,76.57
Sweden2007,Sweden,2007,1126,8629159,56531,13.05,52816477.68,Stockholm,2007,30.1,-15.7,8,-21.3,28.3,623.22,,53.3,,11.6,29.3,77.18
Sweden2008,Sweden,2008,1170,8688504,59155,13.47,50723095.64,Stockholm,2008,30,-10.7,8.4,-14.2,28.9,804.6,,54.9,,11.5,28.5,77.63
Sweden2009,Sweden,2009,1242,8755922,49070,14.18,47153238.82,Stockholm,2009,29,-16.6,7.3,-19.3,28.9,469.74,,37.6,,13.2,26.5,79.51
Sweden2010,Sweden,2010,1141,8823125,55352,12.93,52927274.75,Stockholm,2010,31.7,-22.9,5.6,-27.4,32,912.32,26,42.2,,14.6,30.2,80.18
Sweden2011,Sweden,2011,1112,8884644,63380,12.52,48969956.41,Stockholm,2011,28.8,-21.8,8.1,-26.5,30.6,973.84,28.1,78.3,,15.7,28.9,78.59
Sweden2012,Sweden,2012,1154,8948909,60776,12.9,46403566.28,Stockholm,2012,26.1,-20.6,7,-22.5,,1512,17.79,40.7,,15,17.3,79.2
Sweden2013,Sweden,2013,1230,9024081,64133,13.63,44768997.2,Stockholm,2013,28.7,-16.1,7.7,-20.7,27.7,873.84,19.33,169.3,79.2,31.2,11.9,77.1
Sweden2014,Sweden,2014,1148,9114524,62956,12.6,43225705.7,Stockholm,2014,31.3,-12.2,8.5,-17.4,29.8,1127.45,4.78,172.3,57.6,30.5,31.3,77.84
Switzerland1995,Switzerland,1995,1419,6617500,51774,21.44,43414060.79,Bern,1995,33.1,-18.6,9.3,-18.9,34.7,804.65,1.42,61.6,,8.9,46.5,76.91
Switzerland1996,Switzerland,1996,1432,6652200,49621,21.53,44098465.42,Bern,1996,34.1,-12.9,8.5,-18.8,33,709.18,0.44,45.4,,8.1,50,77.91
Switzerland1997,Switzerland,1997,1341,6675200,42923,20.09,43035015.67,Bern,1997,31.1,-12.9,9.7,-18,32,699.43,0.76,58.2,,8.7,45.6,76.13
Switzerland1998,Switzerland,1998,1371,6725167,43872,20.39,44612347.11,Bern,1998,35.1,-11.9,9.3,-16.5,35.4,602.63,0.6,64.5,,9.5,45.9,74.31
Switzerland1999,Switzerland,1999,1296,6764328,42859,19.16,44441709.5,Bern,1999,34.1,-20.9,9.1,-18.8,32.2,407.87,1.87,68.4,,9.2,36.9,78.9
Switzerland2000,Switzerland,2000,1380,6809589,39952,20.27,43611917.32,Bern,2000,29.8,-11.8,9.3,-17,30.5,1273.16,0.39,55.3,,9.3,32.8,76.45
Switzerland2001,Switzerland,2001,1338,6865842,40582,19.49,45075797.17,Bern,2001,32.1,-14.8,9.2,-23.5,31.7,1521.76,0.14,67.9,,9.4,28.8,77.25
Switzerland2002,Switzerland,2002,1446,6942010,43419,20.83,43458527.07,Bern,2002,32.9,-12.6,9.8,-15.8,33.8,1577.51,0,101.7,,8.7,21.2,78.24
Switzerland2003,Switzerland,2003,1269,6969293,50639,18.21,44644101.19,Bern,2003,37.1,-16,9.8,-18.6,36.6,964.14,0.79,45.6,,9.3,15.9,74.2
Switzerland2004,Switzerland,2004,1284,7023166,56123,18.28,45228284.21,Bern,2004,30,-10.6,9.1,-14.3,29.1,1259.95,1.24,48,,10.1,19.5,77.2
Switzerland2005,Switzerland,2005,1299,7071991,57790,18.37,45779837.77,Bern,2005,33.1,-15.5,8.8,-18.7,32.6,997.71,4.77,40,133.6,10.3,17.7,76.7
Switzerland2006,Switzerland,2006,1309,7118477,60536,18.39,45365628.28,Bern,2006,33,-11.5,9.4,-14.7,32.1,1484.6,2.79,49.2,104,10.1,18.9,79.47
Switzerland2007,Switzerland,2007,1360,7183595,66807,18.93,43359827.5,Bern,2007,30.5,-10.2,9.6,-11.9,30.6,1446.75,3.54,36.3,89.5,10.3,18.3,79.11
Switzerland2008,Switzerland,2008,1314,7274875,76202,18.06,44706687.82,Bern,2008,31.2,-9.6,9.2,-9.8,30.7,1082.6,9.9,39.2,6.4,10.7,17.5,79.23
Switzerland2009,Switzerland,2009,1105,7364558,73529,15,43528067.64,Bern,2009,33.4,-14.9,9.6,-15.3,32.3,1078.89,7.38,41,93.5,10.6,17.4,78.06
Switzerland2010,Switzerland,2010,1006,7439147,78474,13.52,45045102.6,Bern,2010,33.2,-14.8,8.7,-18.3,34.4,937,8.99,37.9,89.2,10.2,18.7,77.79
Switzerland2011,Switzerland,2011,1034,7518040,93053,13.75,40979689.24,Bern,2011,33.1,-9.9,10.1,-11,32.6,795.76,4.66,31.2,91.9,9.9,18.7,77.17
Switzerland2012,Switzerland,2012,1038,7595591,87951,13.67,42250900.62,Bern,2012,34.8,-18.5,9.4,-24.9,34.4,1128.2,3.29,35,81.5,9.5,18.4,78.83
Switzerland2013,Switzerland,2013,1071,7681318,89634,13.94,43183909.83,Bern,2013,34.1,-12.4,8.8,-13,34.1,1097.45,4.88,32.3,76,8.3,19.7,80.89
Switzerland2014,Switzerland,2014,1032,7809621,90809,13.21,39237750.66,Bern,2014,31,-11.7,10.1,-15,31,1041.18,5.5,36.9,74.7,8.7,19,81.21
Thailand1991,Thailand,1991,3559,51947693,1891,6.85,98365594.92,Bangkok,1991,43.1,18.1,28.3,,47.9,2682.8,,61.2,,8.8,66.3,64.78
Thailand1992,Thailand,1992,3550,52570440,2120,6.75,108076713.8,Bangkok,1992,39.1,16.5,28.7,,46.9,2606.12,,118.4,,9.1,63.7,69.22
Thailand1994,Thailand,1994,2307,52691000,2784,4.38,136844214,Bangkok,1994,38.1,18.4,29.1,,48.7,5266.44,,83.1,,8.7,65.9,69.1
Thailand1995,Thailand,1995,4245,54366057,3114,7.81,158457068.5,Bangkok,1995,40.1,14.1,28.4,,53.8,3180.15,,83.6,,8.6,63.5,72.39
Thailand1996,Thailand,1996,4443,55070703,3324,8.07,177264411.7,Bangkok,1996,39.1,15.1,29,,72,3643.95,,59.4,,8.2,65.7,73.51
Thailand1997,Thailand,1997,4150,55859088,2689,7.43,183045934.3,Bangkok,1997,40.1,19.1,29.9,,64.2,1769.98,,79.6,,8.9,60.8,65.99
Thailand1998,Thailand,1998,4963,56691783,2005,8.75,162551647.5,Bangkok,1998,39.1,19.9,29.1,,49.1,4854.77,,67,,8.6,64.5,74.74
Thailand1999,Thailand,1999,5276,57507860,2203,9.17,174131016.7,Bangkok,1999,37.8,12.1,27.9,,46.7,1313.81,2.21,71.2,,9.6,72.2,75.04
Thailand2000,Thailand,2000,5182,58262135,2169,8.89,179263989.8,Bangkok,2000,38.1,17.1,28.3,,51.7,4416.45,,92.5,,9.7,73.9,77.36
Thailand2002,Thailand,2002,4902,58263389,2305,8.41,205776032.5,Bangkok,2002,38.1,19.1,29.3,,54.1,3515.79,,63,,9.8,73.7,77.71
Thailand2003,Thailand,2003,4484,60158951,2531,7.45,221916442.2,Bangkok,2003,38.1,18.1,29.2,,51.7,3908.11,,74.2,,10,70,73.69
Thailand2004,Thailand,2004,4296,60686373,2849,7.08,240241704.5,Bangkok,2004,40.1,20,29.3,,50.6,2424.35,,66.6,,9.7,68.3,72.65
Thailand2005,Thailand,2005,3937,61182665,3094,6.43,244303940,Bangkok,2005,38.1,17.9,29.4,,56.7,2932.17,,61.2,,9.7,72.5,74.82
Thailand2006,Thailand,2006,3608,61636512,3598,5.85,248619994.9,Bangkok,2006,38.8,17.1,29.5,,52.7,2870.84,,100.1,,9.7,70.7,70.87
Thailand2007,Thailand,2007,3754,58941621,4461,6.37,249166110.2,Bangkok,2007,37.9,18.7,29.1,,51.5,3948.85,,76.8,,9.8,71.5,68.75
Thailand2008,Thailand,2008,3778,59216773,4921,6.38,249591018.8,Bangkok,2008,37,19.1,28.5,,45.3,3913.57,,68.5,,9.8,76.7,69.03
Thailand2009,Thailand,2009,3787,59483718,4736,6.37,264750299.2,Bangkok,2009,38.3,15.1,28.6,,46.7,7264.83,,65.8,,9.8,71.3,68.48
Thailand2010,Thailand,2010,3761,59769764,5707,6.29,279428513.3,Bangkok,2010,38.9,20.1,29.2,,49.7,3611.84,,35.9,,9.8,70.6,69.69
Thailand2011,Thailand,2011,3873,60261832,6153,6.43,275835966,Bangkok,2011,36.5,17.1,28.3,,44.7,3897.09,,38.7,,9.7,71.9,70.25
Thailand2012,Thailand,2012,3985,60382255,6584,6.6,293664430.5,Bangkok,2012,39.7,21.1,29.5,,47,2536.49,,39.5,,9.9,77.6,70.88
Thailand2013,Thailand,2013,3961,60766487,6917,6.52,296902994.6,Bangkok,2013,39.6,16.1,29.2,,46.1,2459.52,,40.4,,9.3,73.2,69.82
Thailand2014,Thailand,2014,3952,61139919,6662,6.46,313186490.6,Bangkok,2014,37.7,15.2,28.9,,46.4,1783.1,,38.9,,9.4,69.4,70.63
Turkey2009,Turkey,2009,1050,65962419,9773,1.59,316771031.9,Ankara,2009,34.9,-14.8,12.7,-16.9,32.4,19.7,,44.4,,13.2,43.2,61.14
Turkey2010,Turkey,2010,1524,66975131,11525,2.28,319528399.8,Ankara,2010,39.4,-12,14.1,-16,37,584.8,,43.1,,13.2,43.2,60.71
Turkey2011,Turkey,2011,1148,68034357,12237,1.69,344745495.1,Ankara,2011,36.1,-10.4,11.5,-12,34.5,11.5,,35,,12.9,40.6,63.62
Turkey2012,Turkey,2012,1450,68976439,12671,2.1,354134764.7,Ankara,2012,40.4,-18,12.8,-22.4,37.7,35.2,,47.4,,13,39.8,60.34
Turkey2013,Turkey,2013,1810,69880352,13603,2.59,346780965.1,Ankara,2013,35.1,-11.7,12.8,-14.8,32.6,208.87,3,52.1,59.4,15.9,37.6,55.42
Turkey2014,Turkey,2014,1617,70931420,13170,2.28,357559960.9,Ankara,2014,37.4,-6.2,13.6,-9.7,34.7,967.22,,35.3,72.4,16.1,43.7,61.46
United Arab Emirates2005,United Arab Emirates,2005,96,4280433,42196,2.24,114554436.6,Abu Dhabi,2005,47.1,11.1,28,,59.4,45.6,,50.4,,9.3,11.3,58.54
United Arab Emirates2006,United Arab Emirates,2006,90,4923879,45110,1.83,121883794.7,Abu Dhabi,2006,46.1,9.6,27.9,8.2,53.7,55.2,,72,,9.2,10.8,56.02
United Arab Emirates2007,United Arab Emirates,2007,101,5695389,45285,1.77,133336992.3,Abu Dhabi,2007,47.1,9.6,28,9.1,56.8,56.1,,53.6,,8.9,7.5,57.41
United Arab Emirates2008,United Arab Emirates,2008,100,6510358,48457,1.54,154155409.4,Abu Dhabi,2008,51.6,6.9,27.6,5.1,57.1,894,,51.8,,8.1,8.1,56.35
United Arab Emirates2009,United Arab Emirates,2009,124,7252480,34960,1.71,165185136.2,Abu Dhabi,2009,46.1,9.2,28.2,,55.4,89.3,,110.9,,8.4,11.2,55.2
United Arab Emirates2010,United Arab Emirates,2010,111,7839736,36964,1.42,158164662.1,Abu Dhabi,2010,47.1,11.7,29.2,,58.7,127.5,,53.5,,9,5.3,53.69
United Kingdom1991,United Kingdom,1991,4547,53903427,21201,8.44,609020421.9,London,1991,28.2,-6.6,11.5,-14.4,27.5,171,11.29,76,,18.8,69.7,73.94
United Kingdom1992,United Kingdom,1992,4628,54076358,21815,8.56,593504125.9,London,1992,28.6,-1.1,11.8,-5.5,27.4,202.3,,46.4,,22.7,70.7,72.12
United Kingdom1993,United Kingdom,1993,4462,54283982,19553,8.22,579402782.1,London,1993,27.4,-3.3,11.3,-6.8,26.7,216,,57.2,,23.6,72.1,70.3
United Kingdom1994,United Kingdom,1994,4380,54497293,20927,8.04,575657386.1,London,1994,30.4,-3.3,12.1,-10.1,30.2,271,,48.2,,24.3,72.2,71.16
United Kingdom1995,United Kingdom,1995,4315,54746964,24389,7.88,566834101.6,London,1995,32.2,-3.9,12.3,-8.8,30.4,206.9,0,55.4,,24.8,66.9,67.78
United Kingdom1996,United Kingdom,1996,4165,55012207,25609,7.57,588493462,London,1996,30.9,-4.3,10.9,-11.8,30.2,153.4,,46.4,,18.7,69.3,68.86
United Kingdom1997,United Kingdom,1997,4143,55266635,28091,7.5,562484735.6,London,1997,31.2,-3.6,12.4,-10.7,30.9,233.9,0,40.7,,20.1,67.6,69.82
United Kingdom1998,United Kingdom,1998,4389,55527379,29508,7.9,567486178.9,London,1998,30.9,-0.9,12.1,-4.8,30.6,300,,48.2,,21.6,73.7,70.44
United Kingdom1999,United Kingdom,1999,4448,55833339,29832,7.97,560505345.8,London,1999,31.9,-1.3,12.6,-6.4,30.2,189.3,,48.2,,23.3,70,70.22
United Kingdom2000,United Kingdom,2000,4290,56133909,29358,7.64,567061452.3,London,2000,32.2,-1.6,12.2,-6.4,32.9,874.3,,44.3,,21.2,71.9,72.73
United Kingdom2001,United Kingdom,2001,4128,55571993,29179,7.43,575927499.8,London,2001,31.1,-0.8,11.7,-5.4,34.8,659.8,,61.2,,20.7,69.7,71.73
United Kingdom2002,United Kingdom,2002,4117,55908944,31630,7.36,560040954.1,London,2002,31.2,-1.6,12.6,-6.4,32.4,733.7,,103.7,,20,72.3,71.35
United Kingdom2003,United Kingdom,2003,3979,56171771,36289,7.08,571600968.8,London,2003,37.4,-1.6,12.7,-7,37.8,395.1,3,83.2,,21.3,63,67.41
United Kingdom2004,United Kingdom,2004,4183,56455011,42486,7.41,573203764.5,London,2004,31.4,-1.9,12.5,-8.7,30.8,540.1,,68.4,,22.6,70.2,70.54
United Kingdom2005,United Kingdom,2005,4047,56809024,44372,7.12,570001049.8,London,2005,33.2,-1.6,12.3,-6.8,32.7,351.4,,54,,21.4,31.4,70.1
United Kingdom2006,United Kingdom,2006,4122,57091129,47163,7.22,567652245.2,London,2006,33.2,-1.9,12.7,-6,33.3,535.1,,40.7,,22.9,18.8,68.04
United Kingdom2007,United Kingdom,2007,3897,57382757,53576,6.79,559321980.6,London,2007,30.4,-0.4,12.6,2.1,29.8,595.1,,22.3,25.9,33.5,0,72.41
United Kingdom2008,United Kingdom,2008,4259,57683372,50111,7.38,544848238.5,London,2008,30.7,-0.8,12.2,0.5,29.8,565.4,,16.6,,5,0,71.44
United Kingdom2009,United Kingdom,2009,4246,58013559,41074,7.32,494604731.5,London,2009,30.1,-2.6,12.5,,29.6,585.9,,20.5,,30.6,0.1,70.66
United Kingdom2010,United Kingdom,2010,4188,58403529,41798,7.17,512214253.3,London,2010,30.9,-5.1,10.8,,29.5,523.7,,0,,,0,75.23
United Kingdom2011,United Kingdom,2011,4393,58881852,44491,7.46,469811462.2,London,2011,31.9,-1.8,12.4,,31.1,483.4,,0,,,0,75.88
United Kingdom2012,United Kingdom,2012,4444,59708630,44585,7.44,487670753.9,London,2012,30.7,-3.8,11.5,,31.4,649.9,,0,,,0,77.78
United Kingdom2013,United Kingdom,2013,4824,60091793,45594,8.03,477732571.4,London,2013,32.9,-3.4,11.2,,32.7,315.7,,0,,,0,73.85
United Kingdom2014,United Kingdom,2014,4788,60570482,49906,7.9,438691177,London,2014,31.7,-1.9,12.7,,31.4,673.4,,0.1,,10,0,74
United States1991,United States,1991,30790,232955000,26503,13.22,5070839400,Washington,1991,38.3,-8.8,15.4,-17.2,42.4,843.01,2.42,57.6,,16.2,59.7,66.29
United States1992,United States,1992,30471,235565600,27760,12.94,5174059076,Washington,1992,36.6,-9.9,13.4,-18,40.9,1041.34,4.08,60,,16.2,66,69.81
United States1993,United States,1993,31084,238092300,28891,13.06,5284687882,Washington,1993,37.8,-11.6,14.1,-20.4,44.1,1451.47,4.68,59.9,,16.8,63.7,69.79
United States1994,United States,1994,31123,240614100,30375,12.93,5377987137,Washington,1994,37.6,-19.9,14.2,-31.1,43.6,1370.66,3.35,53.5,,17.1,60.9,68.2
United States1995,United States,1995,31272,243164200,31518,12.86,5439213314,Washington,1995,37.2,-13.8,14.3,-24,48.7,1108.35,4.04,50.6,,18,60.4,65.37
United States1996,United States,1996,30879,245997800,32928,12.55,5626186717,Washington,1996,35.6,-14.5,13.3,-22.1,38.6,1604.02,20.59,52.8,,14.7,63.5,69.8
United States1997,United States,1997,30517,248486400,34644,12.28,5703890708,Washington,1997,38.1,-13.9,13.5,-22,42.3,844.82,7,59.4,,13.9,63.7,65.32
United States1998,United States,1998,30558,251332500,36164,12.16,5752324190,Washington,1998,36.1,-7.9,15.3,-14.6,40.7,994.37,,55.8,,13.2,66.5,66.73
United States1999,United States,1999,29183,253748671,38072,11.5,5832250178,Washington,1999,39,-11.9,14.7,-16,43.9,1013.15,3.11,59.5,,13.3,63.1,65.81
United States2000,United States,2000,29343,262246108,39218,11.19,6000606067,Washington,2000,34.4,-9.9,13.8,-18.3,39.5,1006.1,11,51.8,,14.3,68,67.88
United States2001,United States,2001,30607,265427546,40018,11.53,5902454993,Washington,2001,36.1,-6.6,14.6,-12.8,45.1,769.7,4,53.6,,14.2,62.3,66.53
United States2002,United States,2002,31645,268759559,40845,11.77,5943651279,Washington,2002,37.2,-7.1,14.9,-14.4,49,850.3,7.24,61.2,,14.3,68.1,66.41
United States2003,United States,2003,31477,271041510,42468,11.61,5991319569,Washington,2003,34.4,-11.1,13.6,-19.5,39,1495.1,12.67,72.4,,13.6,71,70.07
United States2004,United States,2004,32428,273584136,44867,11.85,6106620735,Washington,2004,33.1,-13.3,14.3,-23.6,37.3,1055.3,8.82,55.4,,14,69.4,65.32
United States2005,United States,2005,32629,276106680,47423,11.82,6132005704,Washington,2005,36.1,-10.8,14.3,-21.1,40.2,1222.49,4.64,51.8,105.5,14,67.5,63.09
United States2006,United States,2006,33292,278980848,49666,11.93,6052236286,Washington,2006,37.8,-10,14.9,-17.7,42.4,1271.19,7.85,55.4,88.9,14.1,65.8,64.52
United States2007,United States,2007,34596,280658606,51585,12.33,6130983563,Washington,2007,38.1,-12.2,14.8,-20.7,42.9,859.94,4.15,49.4,183.2,14.6,63.3,61.71
United States2008,United States,2008,36030,282355565,52128,12.76,5932775281,Washington,2008,36.1,-8.5,14.9,-15.9,41.3,1480.52,3.02,62.1,51.8,15,44,60.72
United States2009,United States,2009,36900,285162662,50563,12.94,5495394958,Washington,2009,35.5,-13.5,13.9,-21.9,37.7,1220.8,17.14,59.4,80.9,14.8,68.2,64.18
United States2010,United States,2010,38362,287839149,51989,13.33,5701075808,Washington,2010,38.6,-8.9,15.3,-17.8,42.7,917.67,23.14,45,94.3,15.2,15.7,58.51
United States2011,United States,2011,39508,290313825,53452,13.61,5570706560,Washington,2011,39.2,-8.4,15.2,-15.4,48.7,1355.32,7.07,59.5,113,15.1,66.7,64.98
United States2012,United States,2012,40596,292827128,55170,13.86,5366730281,Washington,2012,40.5,-8.4,16.1,-15.3,44.4,905.67,3,58,113,15.2,65.4,61.64
United States2013,United States,2013,41143,295322862,56520,13.93,5519612557,Washington,2013,34.9,-8.1,14.5,-14.8,42.1,1136.21,3,44.5,85.3,15.2,15.9,62.57
United States2014,United States,2014,42769,297749735,58531,14.36,5568759258,Washington,2014,34.3,-14.3,14,-24.5,38.8,1149.31,6.55,52.4,73.1,15.1,16,60.35
